2026-04-05 17:28:05,422     INFO [client_id=n/a] 136907264788160 server.py:35 AI Analyzer 1.7.0.dev20260130181427+g301504b8 serving on http://localhost:8000/dashboard?token=aLg9Zh2qomUpncfrmLX6puhORleHblRnWfnNFqWhSGM (Press CTRL+C to quit)
2026-04-05 17:28:08,424     INFO [client_id=n/a] 136907274229440 browser.py:30 Opening http://localhost:8000/dashboard?token=aLg9Zh2qomUpncfrmLX6puhORleHblRnWfnNFqWhSGM in the default web browser...
2026-04-05 17:38:17,830     INFO [client_id=n/a] 128067919931072 server.py:35 AI Analyzer 1.7.0.dev20260130181427+g301504b8 serving on http://localhost:8000/dashboard?token=5xr8x15OySjhQz3pqSM35sCb80jhcztgywCl3Oun5qM (Press CTRL+C to quit)
2026-04-05 17:38:20,833     INFO [client_id=n/a] 128067929372352 browser.py:30 Opening http://localhost:8000/dashboard?token=5xr8x15OySjhQz3pqSM35sCb80jhcztgywCl3Oun5qM in the default web browser...
2026-04-05 18:05:52,678     INFO [client_id=n/a] 135969417369280 json_aie_record_timer.py:318 /model.22/Split_1_Duplicated#1 layer not found
2026-04-05 18:05:52,678     INFO [client_id=n/a] 135969417369280 json_aie_record_timer.py:318 /model.22/Split_1_Duplicated#0 layer not found
2026-04-05 18:05:52,778     INFO [client_id=n/a] 135969417369280 fxml_schedule_view.py:2921 Buffer layer /model.22/Sigmoid (202)
2026-04-05 18:05:55,040     INFO [client_id=n/a] 135969302730432 server.py:35 AI Analyzer 1.7.0.dev20260130181427+g301504b8 serving on http://localhost:8000/dashboard?token=fdN94A19XwRGe50cf6lsrQBBJXkAa0xKXZUFmarJZk (Press CTRL+C to quit)
2026-04-05 18:05:58,041     INFO [client_id=n/a] 135969417369280 browser.py:30 Opening http://localhost:8000/dashboard?token=fdN94A19XwRGe50cf6lsrQBBJXkAa0xKXZUFmarJZk in the default web browser...
2026-04-06 13:32:44,591     INFO [client_id=n/a] 127472410556096 json_aie_record_timer.py:318 /model.22/Split_1_Duplicated#1 layer not found
2026-04-06 13:32:44,591     INFO [client_id=n/a] 127472410556096 json_aie_record_timer.py:318 /model.22/Split_1_Duplicated#0 layer not found
2026-04-06 13:32:44,690     INFO [client_id=n/a] 127472410556096 fxml_schedule_view.py:2921 Buffer layer /model.22/Sigmoid (202)
2026-04-06 13:32:46,979     INFO [client_id=n/a] 127472362890944 server.py:35 AI Analyzer 1.7.0.dev20260130181427+g301504b8 serving on http://localhost:8000/dashboard?token=S7k4H1wdAWRp8eaiVcN42HZf0xJFAXWsvviVHTRWk (Press CTRL+C to quit)
2026-04-06 13:32:49,981     INFO [client_id=n/a] 127472410556096 browser.py:30 Opening http://localhost:8000/dashboard?token=S7k4H1wdAWRp8eaiVcN42HZf0xJFAXWsvviVHTRWk in the default web browser...
2026-04-06 13:44:44,806     INFO [client_id=1775507574442-1416203638] 127472280532672 export.py:640 Exporting paths: ['/scratch/thozerbs/git/RyzenAI-SW/CNN-examples/object_detection/yolov8m']
2026-04-06 13:44:45,693     INFO [client_id=n/a] 127472410556096 json_aie_record_timer.py:318 /model.22/Split_1_Duplicated#1 layer not found
2026-04-06 13:44:45,693     INFO [client_id=n/a] 127472410556096 json_aie_record_timer.py:318 /model.22/Split_1_Duplicated#0 layer not found
2026-04-06 13:44:45,791     INFO [client_id=n/a] 127472410556096 fxml_schedule_view.py:2921 Buffer layer /model.22/Sigmoid (202)
2026-04-06 13:44:45,809     INFO [client_id=1775507574442-1416203638] 127472280532672 server_util.py:32 Using existing Flask application for export
2026-04-06 13:44:46,912     INFO [client_id=1775507574442-1416203638] 127472280532672 export.py:298 Capturing page with export type: 2
2026-04-06 13:44:50,774     INFO [client_id=1775507574442-1416203638] 127472280532672 export.py:736 Found 7 navigation items, filtering for: 2
2026-04-06 13:44:52,801     INFO [client_id=1775507574442-1416203638] 127472280532672 export.py:827 Successfully processed navigation item: Summary
2026-04-06 13:44:55,031  WARNING [client_id=1775507574442-1416203638] 127472280532672 export.py:376 Failed to capture API response http://localhost:8100/api/v1/graphtable: Protocol error (Network.getResponseBody): Request content was evicted from inspector cache
2026-04-06 13:44:56,417     INFO [client_id=1775507574442-1416203638] 127472280532672 export.py:827 Successfully processed navigation item: Graph
2026-04-06 13:44:58,507     INFO [client_id=1775507574442-1416203638] 127472280532672 export.py:827 Successfully processed navigation item: Summary
2026-04-06 13:45:01,326     INFO [client_id=1775507574442-1416203638] 127472280532672 export.py:827 Successfully processed navigation item: Original Graph
2026-04-06 13:45:03,950     INFO [client_id=1775507574442-1416203638] 127472280532672 export.py:827 Successfully processed navigation item: Optimized Graph
2026-04-06 13:45:06,045     INFO [client_id=1775507574442-1416203638] 127472280532672 export.py:827 Successfully processed navigation item: Summary
2026-04-06 13:45:08,113     INFO [client_id=1775507574442-1416203638] 127472280532672 export.py:827 Successfully processed navigation item: Timeline
2026-04-06 13:45:08,113     INFO [client_id=1775507574442-1416203638] 127472280532672 export.py:779 Export filtering complete: 7 views processed, 0 skipped
2026-04-06 13:46:30,065     INFO [client_id=1775507574442-1416203638] 127472280532672 handlers.py:401 Successfully generated HTML export (61425405 bytes)
2026-04-12 21:06:51,920     INFO [client_id=n/a] 130744792028864 json_aie_record_timer.py:318 /model.22/Split_1_Duplicated#1 layer not found
2026-04-12 21:06:51,920     INFO [client_id=n/a] 130744792028864 json_aie_record_timer.py:318 /model.22/Split_1_Duplicated#0 layer not found
2026-04-12 21:06:52,022     INFO [client_id=n/a] 130744792028864 fxml_schedule_view.py:2921 Buffer layer /model.22/Sigmoid (202)
2026-04-12 21:06:54,298     INFO [client_id=n/a] 130744678741696 server.py:35 AI Analyzer 1.7.0.dev20260130181427+g301504b8 serving on http://localhost:8000/dashboard?token=bL5m9Ve4esCcFJ7ILnH6ogojOG59rzD08VLRKLKo (Press CTRL+C to quit)
2026-04-12 21:06:57,299     INFO [client_id=n/a] 130744792028864 browser.py:30 Opening http://localhost:8000/dashboard?token=bL5m9Ve4esCcFJ7ILnH6ogojOG59rzD08VLRKLKo in the default web browser...
2026-04-12 21:22:18,108     INFO [client_id=n/a] 136836232156864 json_aie_record_timer.py:318 /model.22/Split_1_Duplicated#1 layer not found
2026-04-12 21:22:18,108     INFO [client_id=n/a] 136836232156864 json_aie_record_timer.py:318 /model.22/Split_1_Duplicated#0 layer not found
2026-04-12 21:22:18,209     INFO [client_id=n/a] 136836232156864 fxml_schedule_view.py:2921 Buffer layer /model.22/Sigmoid (202)
2026-04-12 21:22:18,210     INFO [client_id=n/a] 136836232156864 fxml_schedule_view.py:2921 Buffer layer /model.22/Sigmoid (202)
2026-04-12 21:22:18,210     INFO [client_id=n/a] 136836232156864 fxml_schedule_view.py:2921 Buffer layer /model.22/Sigmoid (202)
2026-04-12 21:22:18,211     INFO [client_id=n/a] 136836232156864 fxml_schedule_view.py:2921 Buffer layer /model.22/Sigmoid (202)
2026-04-12 21:22:18,211     INFO [client_id=n/a] 136836232156864 fxml_schedule_view.py:2921 Buffer layer /model.22/Sigmoid (202)
2026-04-12 21:22:18,211     INFO [client_id=n/a] 136836232156864 fxml_schedule_view.py:2921 Buffer layer /model.22/Sigmoid (202)
2026-04-12 21:22:18,212     INFO [client_id=n/a] 136836232156864 fxml_schedule_view.py:2921 Buffer layer /model.22/Sigmoid (202)
2026-04-12 21:22:18,212     INFO [client_id=n/a] 136836232156864 fxml_schedule_view.py:2921 Buffer layer /model.22/Sigmoid (202)
2026-04-12 21:22:18,213     INFO [client_id=n/a] 136836232156864 fxml_schedule_view.py:2921 Buffer layer /model.22/Sigmoid (202)
2026-04-12 21:22:18,213     INFO [client_id=n/a] 136836232156864 fxml_schedule_view.py:2921 Buffer layer /model.22/Sigmoid (202)
2026-04-12 21:22:18,214     INFO [client_id=n/a] 136836232156864 fxml_schedule_view.py:2921 Buffer layer /model.22/Sigmoid (202)
2026-04-12 21:22:18,214     INFO [client_id=n/a] 136836232156864 fxml_schedule_view.py:2921 Buffer layer /model.22/Sigmoid (202)
2026-04-12 21:22:18,215     INFO [client_id=n/a] 136836232156864 fxml_schedule_view.py:2921 Buffer layer /model.22/Sigmoid (202)
2026-04-12 21:22:18,215     INFO [client_id=n/a] 136836232156864 fxml_schedule_view.py:2921 Buffer layer /model.22/Sigmoid (202)
2026-04-12 21:22:18,293     INFO [client_id=n/a] 136836232156864 fxml_schedule_view.py:2921 Buffer layer /model.22/Sigmoid (202)
2026-04-12 21:22:18,294     INFO [client_id=n/a] 136836232156864 fxml_schedule_view.py:2921 Buffer layer /model.22/Sigmoid (202)
2026-04-12 21:22:18,294     INFO [client_id=n/a] 136836232156864 fxml_schedule_view.py:2921 Buffer layer /model.22/Sigmoid (202)
2026-04-12 21:22:18,295     INFO [client_id=n/a] 136836232156864 fxml_schedule_view.py:2921 Buffer layer /model.22/Sigmoid (202)
2026-04-12 21:22:18,295     INFO [client_id=n/a] 136836232156864 fxml_schedule_view.py:2921 Buffer layer /model.22/Sigmoid (202)
2026-04-12 21:22:18,296     INFO [client_id=n/a] 136836232156864 fxml_schedule_view.py:2921 Buffer layer /model.22/Sigmoid (202)
2026-04-12 21:22:18,297     INFO [client_id=n/a] 136836232156864 fxml_schedule_view.py:2921 Buffer layer /model.22/Sigmoid (202)
2026-04-12 21:22:18,297     INFO [client_id=n/a] 136836232156864 fxml_schedule_view.py:2921 Buffer layer /model.22/Sigmoid (202)
2026-04-12 21:22:18,298     INFO [client_id=n/a] 136836232156864 fxml_schedule_view.py:2921 Buffer layer /model.22/Sigmoid (202)
2026-04-12 21:22:18,298     INFO [client_id=n/a] 136836232156864 fxml_schedule_view.py:2921 Buffer layer /model.22/Sigmoid (202)
2026-04-12 21:22:18,298     INFO [client_id=n/a] 136836232156864 fxml_schedule_view.py:2921 Buffer layer /model.22/Sigmoid (202)
2026-04-12 21:22:18,299     INFO [client_id=n/a] 136836232156864 fxml_schedule_view.py:2921 Buffer layer /model.22/Sigmoid (202)
2026-04-12 21:22:18,300     INFO [client_id=n/a] 136836232156864 fxml_schedule_view.py:2921 Buffer layer /model.22/Sigmoid (202)
2026-04-12 21:22:18,300     INFO [client_id=n/a] 136836232156864 fxml_schedule_view.py:2921 Buffer layer /model.22/Sigmoid (202)
2026-04-12 21:22:18,301     INFO [client_id=n/a] 136836232156864 fxml_schedule_view.py:2921 Buffer layer /model.22/Sigmoid (202)
2026-04-12 21:22:18,301     INFO [client_id=n/a] 136836232156864 fxml_schedule_view.py:2921 Buffer layer /model.22/Sigmoid (202)
2026-04-12 21:22:18,302     INFO [client_id=n/a] 136836232156864 fxml_schedule_view.py:2921 Buffer layer /model.22/Sigmoid (202)
2026-04-12 21:22:18,302     INFO [client_id=n/a] 136836232156864 fxml_schedule_view.py:2921 Buffer layer /model.22/Sigmoid (202)
2026-04-12 21:22:18,303     INFO [client_id=n/a] 136836232156864 fxml_schedule_view.py:2921 Buffer layer /model.22/Sigmoid (202)
2026-04-12 21:22:18,303     INFO [client_id=n/a] 136836232156864 fxml_schedule_view.py:2921 Buffer layer /model.22/Sigmoid (202)
2026-04-12 21:22:18,303     INFO [client_id=n/a] 136836232156864 fxml_schedule_view.py:2921 Buffer layer /model.22/Sigmoid (202)
2026-04-12 21:22:18,304     INFO [client_id=n/a] 136836232156864 fxml_schedule_view.py:2921 Buffer layer /model.22/Sigmoid (202)
2026-04-12 21:22:18,305     INFO [client_id=n/a] 136836232156864 fxml_schedule_view.py:2921 Buffer layer /model.22/Sigmoid (202)
2026-04-12 21:22:18,305     INFO [client_id=n/a] 136836232156864 fxml_schedule_view.py:2921 Buffer layer /model.22/Sigmoid (202)
2026-04-12 21:22:18,305     INFO [client_id=n/a] 136836232156864 fxml_schedule_view.py:2921 Buffer layer /model.22/Sigmoid (202)
2026-04-12 21:22:18,306     INFO [client_id=n/a] 136836232156864 fxml_schedule_view.py:2921 Buffer layer /model.22/Sigmoid (202)
2026-04-12 21:22:18,306     INFO [client_id=n/a] 136836232156864 fxml_schedule_view.py:2921 Buffer layer /model.22/Sigmoid (202)
2026-04-12 21:22:18,307     INFO [client_id=n/a] 136836232156864 fxml_schedule_view.py:2921 Buffer layer /model.22/Sigmoid (202)
2026-04-12 21:22:18,307     INFO [client_id=n/a] 136836232156864 fxml_schedule_view.py:2921 Buffer layer /model.22/Sigmoid (202)
2026-04-12 21:22:18,308     INFO [client_id=n/a] 136836232156864 fxml_schedule_view.py:2921 Buffer layer /model.22/Sigmoid (202)
2026-04-12 21:22:18,308     INFO [client_id=n/a] 136836232156864 fxml_schedule_view.py:2921 Buffer layer /model.22/Sigmoid (202)
2026-04-12 21:22:18,309     INFO [client_id=n/a] 136836232156864 fxml_schedule_view.py:2921 Buffer layer /model.22/Sigmoid (202)
2026-04-12 21:22:18,309     INFO [client_id=n/a] 136836232156864 fxml_schedule_view.py:2921 Buffer layer /model.22/Sigmoid (202)
2026-04-12 21:22:18,310     INFO [client_id=n/a] 136836232156864 fxml_schedule_view.py:2921 Buffer layer /model.22/Sigmoid (202)
2026-04-12 21:22:18,310     INFO [client_id=n/a] 136836232156864 fxml_schedule_view.py:2921 Buffer layer /model.22/Sigmoid (202)
2026-04-12 21:22:18,311     INFO [client_id=n/a] 136836232156864 fxml_schedule_view.py:2921 Buffer layer /model.22/Sigmoid (202)
2026-04-12 21:22:18,311     INFO [client_id=n/a] 136836232156864 fxml_schedule_view.py:2921 Buffer layer /model.22/Sigmoid (202)
2026-04-12 21:22:18,311     INFO [client_id=n/a] 136836232156864 fxml_schedule_view.py:2921 Buffer layer /model.22/Sigmoid (202)
2026-04-12 21:22:18,312     INFO [client_id=n/a] 136836232156864 fxml_schedule_view.py:2921 Buffer layer /model.22/Sigmoid (202)
2026-04-12 21:22:18,313     INFO [client_id=n/a] 136836232156864 fxml_schedule_view.py:2921 Buffer layer /model.22/Sigmoid (202)
2026-04-12 21:22:18,313     INFO [client_id=n/a] 136836232156864 fxml_schedule_view.py:2921 Buffer layer /model.22/Sigmoid (202)
2026-04-12 21:22:18,314     INFO [client_id=n/a] 136836232156864 fxml_schedule_view.py:2921 Buffer layer /model.22/Sigmoid (202)
2026-04-12 21:22:18,314     INFO [client_id=n/a] 136836232156864 fxml_schedule_view.py:2921 Buffer layer /model.22/Sigmoid (202)
2026-04-12 21:22:18,315     INFO [client_id=n/a] 136836232156864 fxml_schedule_view.py:2921 Buffer layer /model.22/Sigmoid (202)
2026-04-12 21:22:18,315     INFO [client_id=n/a] 136836232156864 fxml_schedule_view.py:2921 Buffer layer /model.22/Sigmoid (202)
2026-04-12 21:22:18,316     INFO [client_id=n/a] 136836232156864 fxml_schedule_view.py:2921 Buffer layer /model.22/Sigmoid (202)
2026-04-12 21:22:18,316     INFO [client_id=n/a] 136836232156864 fxml_schedule_view.py:2921 Buffer layer /model.22/Sigmoid (202)
2026-04-12 21:22:18,317     INFO [client_id=n/a] 136836232156864 fxml_schedule_view.py:2921 Buffer layer /model.22/Sigmoid (202)
2026-04-12 21:22:18,317     INFO [client_id=n/a] 136836232156864 fxml_schedule_view.py:2921 Buffer layer /model.22/Sigmoid (202)
2026-04-12 21:22:18,318     INFO [client_id=n/a] 136836232156864 fxml_schedule_view.py:2921 Buffer layer /model.22/Sigmoid (202)
2026-04-12 21:22:18,318     INFO [client_id=n/a] 136836232156864 fxml_schedule_view.py:2921 Buffer layer /model.22/Sigmoid (202)
2026-04-12 21:22:18,319     INFO [client_id=n/a] 136836232156864 fxml_schedule_view.py:2921 Buffer layer /model.22/Sigmoid (202)
2026-04-12 21:22:18,319     INFO [client_id=n/a] 136836232156864 fxml_schedule_view.py:2921 Buffer layer /model.22/Sigmoid (202)
2026-04-12 21:22:18,320     INFO [client_id=n/a] 136836232156864 fxml_schedule_view.py:2921 Buffer layer /model.22/Sigmoid (202)
2026-04-12 21:22:18,320     INFO [client_id=n/a] 136836232156864 fxml_schedule_view.py:2921 Buffer layer /model.22/Sigmoid (202)
2026-04-12 21:22:18,321     INFO [client_id=n/a] 136836232156864 fxml_schedule_view.py:2921 Buffer layer /model.22/Sigmoid (202)
2026-04-12 21:22:18,321     INFO [client_id=n/a] 136836232156864 fxml_schedule_view.py:2921 Buffer layer /model.22/Sigmoid (202)
2026-04-12 21:22:18,322     INFO [client_id=n/a] 136836232156864 fxml_schedule_view.py:2921 Buffer layer /model.22/Sigmoid (202)
2026-04-12 21:22:18,322     INFO [client_id=n/a] 136836232156864 fxml_schedule_view.py:2921 Buffer layer /model.22/Sigmoid (202)
2026-04-12 21:22:18,323     INFO [client_id=n/a] 136836232156864 fxml_schedule_view.py:2921 Buffer layer /model.22/Sigmoid (202)
2026-04-12 21:22:18,424     INFO [client_id=n/a] 136836232156864 fxml_schedule_view.py:2921 Buffer layer /model.22/Sigmoid (202)
2026-04-12 21:22:18,425     INFO [client_id=n/a] 136836232156864 fxml_schedule_view.py:2921 Buffer layer /model.22/Sigmoid (202)
2026-04-12 21:22:18,425     INFO [client_id=n/a] 136836232156864 fxml_schedule_view.py:2921 Buffer layer /model.22/Sigmoid (202)
2026-04-12 21:22:18,426     INFO [client_id=n/a] 136836232156864 fxml_schedule_view.py:2921 Buffer layer /model.22/Sigmoid (202)
2026-04-12 21:22:18,426     INFO [client_id=n/a] 136836232156864 fxml_schedule_view.py:2921 Buffer layer /model.22/Sigmoid (202)
2026-04-12 21:22:18,427     INFO [client_id=n/a] 136836232156864 fxml_schedule_view.py:2921 Buffer layer /model.22/Sigmoid (202)
2026-04-12 21:22:18,428     INFO [client_id=n/a] 136836232156864 fxml_schedule_view.py:2921 Buffer layer /model.22/Sigmoid (202)
2026-04-12 21:22:18,428     INFO [client_id=n/a] 136836232156864 fxml_schedule_view.py:2921 Buffer layer /model.22/Sigmoid (202)
2026-04-12 21:22:18,429     INFO [client_id=n/a] 136836232156864 fxml_schedule_view.py:2921 Buffer layer /model.22/Sigmoid (202)
2026-04-12 21:22:18,429     INFO [client_id=n/a] 136836232156864 fxml_schedule_view.py:2921 Buffer layer /model.22/Sigmoid (202)
2026-04-12 21:22:18,430     INFO [client_id=n/a] 136836232156864 fxml_schedule_view.py:2921 Buffer layer /model.22/Sigmoid (202)
2026-04-12 21:22:18,430     INFO [client_id=n/a] 136836232156864 fxml_schedule_view.py:2921 Buffer layer /model.22/Sigmoid (202)
2026-04-12 21:22:18,431     INFO [client_id=n/a] 136836232156864 fxml_schedule_view.py:2921 Buffer layer /model.22/Sigmoid (202)
2026-04-12 21:22:18,431     INFO [client_id=n/a] 136836232156864 fxml_schedule_view.py:2921 Buffer layer /model.22/Sigmoid (202)
2026-04-12 21:22:18,432     INFO [client_id=n/a] 136836232156864 fxml_schedule_view.py:2921 Buffer layer /model.22/Sigmoid (202)
2026-04-12 21:22:18,432     INFO [client_id=n/a] 136836232156864 fxml_schedule_view.py:2921 Buffer layer /model.22/Sigmoid (202)
2026-04-12 21:22:18,433     INFO [client_id=n/a] 136836232156864 fxml_schedule_view.py:2921 Buffer layer /model.22/Sigmoid (202)
2026-04-12 21:22:18,433     INFO [client_id=n/a] 136836232156864 fxml_schedule_view.py:2921 Buffer layer /model.22/Sigmoid (202)
2026-04-12 21:22:18,434     INFO [client_id=n/a] 136836232156864 fxml_schedule_view.py:2921 Buffer layer /model.22/Sigmoid (202)
2026-04-12 21:22:18,434     INFO [client_id=n/a] 136836232156864 fxml_schedule_view.py:2921 Buffer layer /model.22/Sigmoid (202)
2026-04-12 21:22:18,435     INFO [client_id=n/a] 136836232156864 fxml_schedule_view.py:2921 Buffer layer /model.22/Sigmoid (202)
2026-04-12 21:22:18,435     INFO [client_id=n/a] 136836232156864 fxml_schedule_view.py:2921 Buffer layer /model.22/Sigmoid (202)
2026-04-12 21:22:18,436     INFO [client_id=n/a] 136836232156864 fxml_schedule_view.py:2921 Buffer layer /model.22/Sigmoid (202)
2026-04-12 21:22:18,436     INFO [client_id=n/a] 136836232156864 fxml_schedule_view.py:2921 Buffer layer /model.22/Sigmoid (202)
2026-04-12 21:22:23,611     INFO [client_id=n/a] 136835897489088 server.py:35 AI Analyzer 1.7.0.dev20260130181427+g301504b8 serving on http://localhost:8000/dashboard?token=xuTItp63d9R0m1bij3sxSexycdPXOxGEAERMTynwITM (Press CTRL+C to quit)
2026-04-12 21:22:26,613     INFO [client_id=n/a] 136836232156864 browser.py:30 Opening http://localhost:8000/dashboard?token=xuTItp63d9R0m1bij3sxSexycdPXOxGEAERMTynwITM in the default web browser...
[91m2026-04-12 21:22:52,109    ERROR [client_id=1776054163367-4165261669] 136835863918272 app.py:875 Exception on /api/v1/performance-summary [POST]
Traceback (most recent call last):
  File "/scratch/thozerbs/ryzen_ai/venv/lib/python3.12/site-packages/flask/app.py", line 1511, in wsgi_app
    response = self.full_dispatch_request()
               ^^^^^^^^^^^^^^^^^^^^^^^^^^^^
  File "/scratch/thozerbs/ryzen_ai/venv/lib/python3.12/site-packages/flask/app.py", line 919, in full_dispatch_request
    rv = self.handle_user_exception(e)
         ^^^^^^^^^^^^^^^^^^^^^^^^^^^^^
  File "/scratch/thozerbs/ryzen_ai/venv/lib/python3.12/site-packages/flask/app.py", line 917, in full_dispatch_request
    rv = self.dispatch_request()
         ^^^^^^^^^^^^^^^^^^^^^^^
  File "/scratch/thozerbs/ryzen_ai/venv/lib/python3.12/site-packages/flask/app.py", line 902, in dispatch_request
    return self.ensure_sync(self.view_functions[rule.endpoint])(**view_args)  # type: ignore[no-any-return]
           ^^^^^^^^^^^^^^^^^^^^^^^^^^^^^^^^^^^^^^^^^^^^^^^^^^^^^^^^^^^^^^^^^
  File "/scratch/thozerbs/ryzen_ai/venv/lib/python3.12/site-packages/dlanalyzer/routes/cmd.py", line 229, in app_performance_summary_route
    return handle_performance_summary(get_app())
           ^^^^^^^^^^^^^^^^^^^^^^^^^^^^^^^^^^^^^
  File "/scratch/thozerbs/ryzen_ai/venv/lib/python3.12/site-packages/dlanalyzer/handlers.py", line 427, in handle_performance_summary
    response = app.get_performance_summary(
               ^^^^^^^^^^^^^^^^^^^^^^^^^^^^
  File "/scratch/thozerbs/ryzen_ai/venv/lib/python3.12/site-packages/dlanalyzer/aianalyzer.py", line 270, in get_performance_summary
    return self.apps[log_dir_id].get_performance_summary(
           ^^^^^^^^^^^^^^^^^^^^^^^^^^^^^^^^^^^^^^^^^^^^^^
  File "/scratch/thozerbs/ryzen_ai/venv/lib/python3.12/site-packages/dlanalyzer/application/application.py", line 142, in get_performance_summary
    return get_performance_summary_helper(
           ^^^^^^^^^^^^^^^^^^^^^^^^^^^^^^^
  File "/scratch/thozerbs/ryzen_ai/venv/lib/python3.12/site-packages/dlanalyzer/app.py", line 1088, in get_performance_summary_helper
    operator_rows_result = get_operator_rows(
                           ^^^^^^^^^^^^^^^^^^
  File "/scratch/thozerbs/ryzen_ai/venv/lib/python3.12/site-packages/dlanalyzer/app.py", line 480, in get_operator_rows
    operator_chart_row = OperatorChartRow(
                         ^^^^^^^^^^^^^^^^^
ValueError: Value out of range: 4519221526528[0m
[91m2026-04-12 21:22:53,907    ERROR [client_id=1776054163367-4165261669] 136835872310976 app.py:875 Exception on /api/v1/performance-summary [POST]
Traceback (most recent call last):
  File "/scratch/thozerbs/ryzen_ai/venv/lib/python3.12/site-packages/flask/app.py", line 1511, in wsgi_app
    response = self.full_dispatch_request()
               ^^^^^^^^^^^^^^^^^^^^^^^^^^^^
  File "/scratch/thozerbs/ryzen_ai/venv/lib/python3.12/site-packages/flask/app.py", line 919, in full_dispatch_request
    rv = self.handle_user_exception(e)
         ^^^^^^^^^^^^^^^^^^^^^^^^^^^^^
  File "/scratch/thozerbs/ryzen_ai/venv/lib/python3.12/site-packages/flask/app.py", line 917, in full_dispatch_request
    rv = self.dispatch_request()
         ^^^^^^^^^^^^^^^^^^^^^^^
  File "/scratch/thozerbs/ryzen_ai/venv/lib/python3.12/site-packages/flask/app.py", line 902, in dispatch_request
    return self.ensure_sync(self.view_functions[rule.endpoint])(**view_args)  # type: ignore[no-any-return]
           ^^^^^^^^^^^^^^^^^^^^^^^^^^^^^^^^^^^^^^^^^^^^^^^^^^^^^^^^^^^^^^^^^
  File "/scratch/thozerbs/ryzen_ai/venv/lib/python3.12/site-packages/dlanalyzer/routes/cmd.py", line 229, in app_performance_summary_route
    return handle_performance_summary(get_app())
           ^^^^^^^^^^^^^^^^^^^^^^^^^^^^^^^^^^^^^
  File "/scratch/thozerbs/ryzen_ai/venv/lib/python3.12/site-packages/dlanalyzer/handlers.py", line 427, in handle_performance_summary
    response = app.get_performance_summary(
               ^^^^^^^^^^^^^^^^^^^^^^^^^^^^
  File "/scratch/thozerbs/ryzen_ai/venv/lib/python3.12/site-packages/dlanalyzer/aianalyzer.py", line 270, in get_performance_summary
    return self.apps[log_dir_id].get_performance_summary(
           ^^^^^^^^^^^^^^^^^^^^^^^^^^^^^^^^^^^^^^^^^^^^^^
  File "/scratch/thozerbs/ryzen_ai/venv/lib/python3.12/site-packages/dlanalyzer/application/application.py", line 142, in get_performance_summary
    return get_performance_summary_helper(
           ^^^^^^^^^^^^^^^^^^^^^^^^^^^^^^^
  File "/scratch/thozerbs/ryzen_ai/venv/lib/python3.12/site-packages/dlanalyzer/app.py", line 1088, in get_performance_summary_helper
    operator_rows_result = get_operator_rows(
                           ^^^^^^^^^^^^^^^^^^
  File "/scratch/thozerbs/ryzen_ai/venv/lib/python3.12/site-packages/dlanalyzer/app.py", line 480, in get_operator_rows
    operator_chart_row = OperatorChartRow(
                         ^^^^^^^^^^^^^^^^^
ValueError: Value out of range: 4519221526528[0m
[91m2026-04-12 21:22:56,737    ERROR [client_id=1776054163367-4165261669] 136835880703680 app.py:875 Exception on /api/v1/performance-summary [POST]
Traceback (most recent call last):
  File "/scratch/thozerbs/ryzen_ai/venv/lib/python3.12/site-packages/flask/app.py", line 1511, in wsgi_app
    response = self.full_dispatch_request()
               ^^^^^^^^^^^^^^^^^^^^^^^^^^^^
  File "/scratch/thozerbs/ryzen_ai/venv/lib/python3.12/site-packages/flask/app.py", line 919, in full_dispatch_request
    rv = self.handle_user_exception(e)
         ^^^^^^^^^^^^^^^^^^^^^^^^^^^^^
  File "/scratch/thozerbs/ryzen_ai/venv/lib/python3.12/site-packages/flask/app.py", line 917, in full_dispatch_request
    rv = self.dispatch_request()
         ^^^^^^^^^^^^^^^^^^^^^^^
  File "/scratch/thozerbs/ryzen_ai/venv/lib/python3.12/site-packages/flask/app.py", line 902, in dispatch_request
    return self.ensure_sync(self.view_functions[rule.endpoint])(**view_args)  # type: ignore[no-any-return]
           ^^^^^^^^^^^^^^^^^^^^^^^^^^^^^^^^^^^^^^^^^^^^^^^^^^^^^^^^^^^^^^^^^
  File "/scratch/thozerbs/ryzen_ai/venv/lib/python3.12/site-packages/dlanalyzer/routes/cmd.py", line 229, in app_performance_summary_route
    return handle_performance_summary(get_app())
           ^^^^^^^^^^^^^^^^^^^^^^^^^^^^^^^^^^^^^
  File "/scratch/thozerbs/ryzen_ai/venv/lib/python3.12/site-packages/dlanalyzer/handlers.py", line 427, in handle_performance_summary
    response = app.get_performance_summary(
               ^^^^^^^^^^^^^^^^^^^^^^^^^^^^
  File "/scratch/thozerbs/ryzen_ai/venv/lib/python3.12/site-packages/dlanalyzer/aianalyzer.py", line 270, in get_performance_summary
    return self.apps[log_dir_id].get_performance_summary(
           ^^^^^^^^^^^^^^^^^^^^^^^^^^^^^^^^^^^^^^^^^^^^^^
  File "/scratch/thozerbs/ryzen_ai/venv/lib/python3.12/site-packages/dlanalyzer/application/application.py", line 142, in get_performance_summary
    return get_performance_summary_helper(
           ^^^^^^^^^^^^^^^^^^^^^^^^^^^^^^^
  File "/scratch/thozerbs/ryzen_ai/venv/lib/python3.12/site-packages/dlanalyzer/app.py", line 1088, in get_performance_summary_helper
    operator_rows_result = get_operator_rows(
                           ^^^^^^^^^^^^^^^^^^
  File "/scratch/thozerbs/ryzen_ai/venv/lib/python3.12/site-packages/dlanalyzer/app.py", line 480, in get_operator_rows
    operator_chart_row = OperatorChartRow(
                         ^^^^^^^^^^^^^^^^^
ValueError: Value out of range: 4519221526528[0m
[91m2026-04-12 21:23:01,563    ERROR [client_id=1776054163367-4165261669] 136835889096384 app.py:875 Exception on /api/v1/performance-summary [POST]
Traceback (most recent call last):
  File "/scratch/thozerbs/ryzen_ai/venv/lib/python3.12/site-packages/flask/app.py", line 1511, in wsgi_app
    response = self.full_dispatch_request()
               ^^^^^^^^^^^^^^^^^^^^^^^^^^^^
  File "/scratch/thozerbs/ryzen_ai/venv/lib/python3.12/site-packages/flask/app.py", line 919, in full_dispatch_request
    rv = self.handle_user_exception(e)
         ^^^^^^^^^^^^^^^^^^^^^^^^^^^^^
  File "/scratch/thozerbs/ryzen_ai/venv/lib/python3.12/site-packages/flask/app.py", line 917, in full_dispatch_request
    rv = self.dispatch_request()
         ^^^^^^^^^^^^^^^^^^^^^^^
  File "/scratch/thozerbs/ryzen_ai/venv/lib/python3.12/site-packages/flask/app.py", line 902, in dispatch_request
    return self.ensure_sync(self.view_functions[rule.endpoint])(**view_args)  # type: ignore[no-any-return]
           ^^^^^^^^^^^^^^^^^^^^^^^^^^^^^^^^^^^^^^^^^^^^^^^^^^^^^^^^^^^^^^^^^
  File "/scratch/thozerbs/ryzen_ai/venv/lib/python3.12/site-packages/dlanalyzer/routes/cmd.py", line 229, in app_performance_summary_route
    return handle_performance_summary(get_app())
           ^^^^^^^^^^^^^^^^^^^^^^^^^^^^^^^^^^^^^
  File "/scratch/thozerbs/ryzen_ai/venv/lib/python3.12/site-packages/dlanalyzer/handlers.py", line 427, in handle_performance_summary
    response = app.get_performance_summary(
               ^^^^^^^^^^^^^^^^^^^^^^^^^^^^
  File "/scratch/thozerbs/ryzen_ai/venv/lib/python3.12/site-packages/dlanalyzer/aianalyzer.py", line 270, in get_performance_summary
    return self.apps[log_dir_id].get_performance_summary(
           ^^^^^^^^^^^^^^^^^^^^^^^^^^^^^^^^^^^^^^^^^^^^^^
  File "/scratch/thozerbs/ryzen_ai/venv/lib/python3.12/site-packages/dlanalyzer/application/application.py", line 142, in get_performance_summary
    return get_performance_summary_helper(
           ^^^^^^^^^^^^^^^^^^^^^^^^^^^^^^^
  File "/scratch/thozerbs/ryzen_ai/venv/lib/python3.12/site-packages/dlanalyzer/app.py", line 1088, in get_performance_summary_helper
    operator_rows_result = get_operator_rows(
                           ^^^^^^^^^^^^^^^^^^
  File "/scratch/thozerbs/ryzen_ai/venv/lib/python3.12/site-packages/dlanalyzer/app.py", line 480, in get_operator_rows
    operator_chart_row = OperatorChartRow(
                         ^^^^^^^^^^^^^^^^^
ValueError: Value out of range: 4519221526528[0m
2026-04-12 21:23:42,610     INFO [client_id=n/a] 123791225124544 json_aie_record_timer.py:318 /model.22/Split_1_Duplicated#1 layer not found
2026-04-12 21:23:42,611     INFO [client_id=n/a] 123791225124544 json_aie_record_timer.py:318 /model.22/Split_1_Duplicated#0 layer not found
2026-04-12 21:23:42,713     INFO [client_id=n/a] 123791225124544 fxml_schedule_view.py:2921 Buffer layer /model.22/Sigmoid (202)
2026-04-12 21:23:45,001     INFO [client_id=n/a] 123791178507968 server.py:35 AI Analyzer 1.7.0.dev20260130181427+g301504b8 serving on http://localhost:8000/dashboard?token=xW3bxAAHDiSVdNzus5p7OueIAiNPtMlRUpJCjyNZM (Press CTRL+C to quit)
2026-04-12 21:23:48,002     INFO [client_id=n/a] 123791225124544 browser.py:30 Opening http://localhost:8000/dashboard?token=xW3bxAAHDiSVdNzus5p7OueIAiNPtMlRUpJCjyNZM in the default web browser...
2026-04-13 16:02:29,961     INFO [client_id=n/a] 126884806391488 json_aie_record_timer.py:318 /model.22/Split_1_Duplicated#1 layer not found
2026-04-13 16:02:29,961     INFO [client_id=n/a] 126884806391488 json_aie_record_timer.py:318 /model.22/Split_1_Duplicated#0 layer not found
2026-04-13 16:02:30,063     INFO [client_id=n/a] 126884806391488 fxml_schedule_view.py:2921 Buffer layer /model.22/Sigmoid (202)
2026-04-13 16:02:32,309     INFO [client_id=n/a] 126884758726336 server.py:35 AI Analyzer 1.7.0.dev20260130181427+g301504b8 serving on http://localhost:8000/dashboard?token=OMaimaAZxFIMx5Tdrr89VdMIbZigkzs9c8aTbZyHpFs (Press CTRL+C to quit)
2026-04-13 16:02:35,309     INFO [client_id=n/a] 126884806391488 browser.py:30 Opening http://localhost:8000/dashboard?token=OMaimaAZxFIMx5Tdrr89VdMIbZigkzs9c8aTbZyHpFs in the default web browser...
2026-04-13 22:42:45,001     INFO [client_id=n/a] 123502906742464 json_aie_record_timer.py:318 /model.22/Split_1_Duplicated#1 layer not found
2026-04-13 22:42:45,001     INFO [client_id=n/a] 123502906742464 json_aie_record_timer.py:318 /model.22/Split_1_Duplicated#0 layer not found
2026-04-13 22:42:45,104     INFO [client_id=n/a] 123502906742464 fxml_schedule_view.py:2921 Buffer layer /model.22/Sigmoid (202)
2026-04-13 22:42:45,104     INFO [client_id=n/a] 123502906742464 fxml_schedule_view.py:2921 Buffer layer /model.22/Sigmoid (202)
2026-04-13 22:42:45,105     INFO [client_id=n/a] 123502906742464 fxml_schedule_view.py:2921 Buffer layer /model.22/Sigmoid (202)
2026-04-13 22:42:45,105     INFO [client_id=n/a] 123502906742464 fxml_schedule_view.py:2921 Buffer layer /model.22/Sigmoid (202)
2026-04-13 22:42:45,106     INFO [client_id=n/a] 123502906742464 fxml_schedule_view.py:2921 Buffer layer /model.22/Sigmoid (202)
2026-04-13 22:42:45,106     INFO [client_id=n/a] 123502906742464 fxml_schedule_view.py:2921 Buffer layer /model.22/Sigmoid (202)
2026-04-13 22:42:45,107     INFO [client_id=n/a] 123502906742464 fxml_schedule_view.py:2921 Buffer layer /model.22/Sigmoid (202)
2026-04-13 22:42:45,107     INFO [client_id=n/a] 123502906742464 fxml_schedule_view.py:2921 Buffer layer /model.22/Sigmoid (202)
2026-04-13 22:42:45,107     INFO [client_id=n/a] 123502906742464 fxml_schedule_view.py:2921 Buffer layer /model.22/Sigmoid (202)
2026-04-13 22:42:45,108     INFO [client_id=n/a] 123502906742464 fxml_schedule_view.py:2921 Buffer layer /model.22/Sigmoid (202)
2026-04-13 22:42:45,108     INFO [client_id=n/a] 123502906742464 fxml_schedule_view.py:2921 Buffer layer /model.22/Sigmoid (202)
2026-04-13 22:42:45,109     INFO [client_id=n/a] 123502906742464 fxml_schedule_view.py:2921 Buffer layer /model.22/Sigmoid (202)
2026-04-13 22:42:45,109     INFO [client_id=n/a] 123502906742464 fxml_schedule_view.py:2921 Buffer layer /model.22/Sigmoid (202)
2026-04-13 22:42:45,110     INFO [client_id=n/a] 123502906742464 fxml_schedule_view.py:2921 Buffer layer /model.22/Sigmoid (202)
2026-04-13 22:42:45,185     INFO [client_id=n/a] 123502906742464 fxml_schedule_view.py:2921 Buffer layer /model.22/Sigmoid (202)
2026-04-13 22:42:45,186     INFO [client_id=n/a] 123502906742464 fxml_schedule_view.py:2921 Buffer layer /model.22/Sigmoid (202)
2026-04-13 22:42:45,187     INFO [client_id=n/a] 123502906742464 fxml_schedule_view.py:2921 Buffer layer /model.22/Sigmoid (202)
2026-04-13 22:42:45,187     INFO [client_id=n/a] 123502906742464 fxml_schedule_view.py:2921 Buffer layer /model.22/Sigmoid (202)
2026-04-13 22:42:45,188     INFO [client_id=n/a] 123502906742464 fxml_schedule_view.py:2921 Buffer layer /model.22/Sigmoid (202)
2026-04-13 22:42:45,188     INFO [client_id=n/a] 123502906742464 fxml_schedule_view.py:2921 Buffer layer /model.22/Sigmoid (202)
2026-04-13 22:42:45,189     INFO [client_id=n/a] 123502906742464 fxml_schedule_view.py:2921 Buffer layer /model.22/Sigmoid (202)
2026-04-13 22:42:45,189     INFO [client_id=n/a] 123502906742464 fxml_schedule_view.py:2921 Buffer layer /model.22/Sigmoid (202)
2026-04-13 22:42:45,190     INFO [client_id=n/a] 123502906742464 fxml_schedule_view.py:2921 Buffer layer /model.22/Sigmoid (202)
2026-04-13 22:42:45,190     INFO [client_id=n/a] 123502906742464 fxml_schedule_view.py:2921 Buffer layer /model.22/Sigmoid (202)
2026-04-13 22:42:45,190     INFO [client_id=n/a] 123502906742464 fxml_schedule_view.py:2921 Buffer layer /model.22/Sigmoid (202)
2026-04-13 22:42:45,191     INFO [client_id=n/a] 123502906742464 fxml_schedule_view.py:2921 Buffer layer /model.22/Sigmoid (202)
2026-04-13 22:42:45,192     INFO [client_id=n/a] 123502906742464 fxml_schedule_view.py:2921 Buffer layer /model.22/Sigmoid (202)
2026-04-13 22:42:45,192     INFO [client_id=n/a] 123502906742464 fxml_schedule_view.py:2921 Buffer layer /model.22/Sigmoid (202)
2026-04-13 22:42:45,192     INFO [client_id=n/a] 123502906742464 fxml_schedule_view.py:2921 Buffer layer /model.22/Sigmoid (202)
2026-04-13 22:42:45,193     INFO [client_id=n/a] 123502906742464 fxml_schedule_view.py:2921 Buffer layer /model.22/Sigmoid (202)
2026-04-13 22:42:45,193     INFO [client_id=n/a] 123502906742464 fxml_schedule_view.py:2921 Buffer layer /model.22/Sigmoid (202)
2026-04-13 22:42:45,194     INFO [client_id=n/a] 123502906742464 fxml_schedule_view.py:2921 Buffer layer /model.22/Sigmoid (202)
2026-04-13 22:42:45,194     INFO [client_id=n/a] 123502906742464 fxml_schedule_view.py:2921 Buffer layer /model.22/Sigmoid (202)
2026-04-13 22:42:45,195     INFO [client_id=n/a] 123502906742464 fxml_schedule_view.py:2921 Buffer layer /model.22/Sigmoid (202)
2026-04-13 22:42:45,195     INFO [client_id=n/a] 123502906742464 fxml_schedule_view.py:2921 Buffer layer /model.22/Sigmoid (202)
2026-04-13 22:42:45,195     INFO [client_id=n/a] 123502906742464 fxml_schedule_view.py:2921 Buffer layer /model.22/Sigmoid (202)
2026-04-13 22:42:45,196     INFO [client_id=n/a] 123502906742464 fxml_schedule_view.py:2921 Buffer layer /model.22/Sigmoid (202)
2026-04-13 22:42:45,196     INFO [client_id=n/a] 123502906742464 fxml_schedule_view.py:2921 Buffer layer /model.22/Sigmoid (202)
2026-04-13 22:42:45,197     INFO [client_id=n/a] 123502906742464 fxml_schedule_view.py:2921 Buffer layer /model.22/Sigmoid (202)
2026-04-13 22:42:45,197     INFO [client_id=n/a] 123502906742464 fxml_schedule_view.py:2921 Buffer layer /model.22/Sigmoid (202)
2026-04-13 22:42:45,198     INFO [client_id=n/a] 123502906742464 fxml_schedule_view.py:2921 Buffer layer /model.22/Sigmoid (202)
2026-04-13 22:42:45,198     INFO [client_id=n/a] 123502906742464 fxml_schedule_view.py:2921 Buffer layer /model.22/Sigmoid (202)
2026-04-13 22:42:45,199     INFO [client_id=n/a] 123502906742464 fxml_schedule_view.py:2921 Buffer layer /model.22/Sigmoid (202)
2026-04-13 22:42:45,199     INFO [client_id=n/a] 123502906742464 fxml_schedule_view.py:2921 Buffer layer /model.22/Sigmoid (202)
2026-04-13 22:42:45,199     INFO [client_id=n/a] 123502906742464 fxml_schedule_view.py:2921 Buffer layer /model.22/Sigmoid (202)
2026-04-13 22:42:45,200     INFO [client_id=n/a] 123502906742464 fxml_schedule_view.py:2921 Buffer layer /model.22/Sigmoid (202)
2026-04-13 22:42:45,200     INFO [client_id=n/a] 123502906742464 fxml_schedule_view.py:2921 Buffer layer /model.22/Sigmoid (202)
2026-04-13 22:42:45,201     INFO [client_id=n/a] 123502906742464 fxml_schedule_view.py:2921 Buffer layer /model.22/Sigmoid (202)
2026-04-13 22:42:45,201     INFO [client_id=n/a] 123502906742464 fxml_schedule_view.py:2921 Buffer layer /model.22/Sigmoid (202)
2026-04-13 22:42:45,201     INFO [client_id=n/a] 123502906742464 fxml_schedule_view.py:2921 Buffer layer /model.22/Sigmoid (202)
2026-04-13 22:42:45,202     INFO [client_id=n/a] 123502906742464 fxml_schedule_view.py:2921 Buffer layer /model.22/Sigmoid (202)
2026-04-13 22:42:45,202     INFO [client_id=n/a] 123502906742464 fxml_schedule_view.py:2921 Buffer layer /model.22/Sigmoid (202)
2026-04-13 22:42:45,203     INFO [client_id=n/a] 123502906742464 fxml_schedule_view.py:2921 Buffer layer /model.22/Sigmoid (202)
2026-04-13 22:42:45,203     INFO [client_id=n/a] 123502906742464 fxml_schedule_view.py:2921 Buffer layer /model.22/Sigmoid (202)
2026-04-13 22:42:45,204     INFO [client_id=n/a] 123502906742464 fxml_schedule_view.py:2921 Buffer layer /model.22/Sigmoid (202)
2026-04-13 22:42:45,204     INFO [client_id=n/a] 123502906742464 fxml_schedule_view.py:2921 Buffer layer /model.22/Sigmoid (202)
2026-04-13 22:42:45,205     INFO [client_id=n/a] 123502906742464 fxml_schedule_view.py:2921 Buffer layer /model.22/Sigmoid (202)
2026-04-13 22:42:45,205     INFO [client_id=n/a] 123502906742464 fxml_schedule_view.py:2921 Buffer layer /model.22/Sigmoid (202)
2026-04-13 22:42:45,206     INFO [client_id=n/a] 123502906742464 fxml_schedule_view.py:2921 Buffer layer /model.22/Sigmoid (202)
2026-04-13 22:42:45,206     INFO [client_id=n/a] 123502906742464 fxml_schedule_view.py:2921 Buffer layer /model.22/Sigmoid (202)
2026-04-13 22:42:45,207     INFO [client_id=n/a] 123502906742464 fxml_schedule_view.py:2921 Buffer layer /model.22/Sigmoid (202)
2026-04-13 22:42:45,207     INFO [client_id=n/a] 123502906742464 fxml_schedule_view.py:2921 Buffer layer /model.22/Sigmoid (202)
2026-04-13 22:42:45,208     INFO [client_id=n/a] 123502906742464 fxml_schedule_view.py:2921 Buffer layer /model.22/Sigmoid (202)
2026-04-13 22:42:45,208     INFO [client_id=n/a] 123502906742464 fxml_schedule_view.py:2921 Buffer layer /model.22/Sigmoid (202)
2026-04-13 22:42:45,209     INFO [client_id=n/a] 123502906742464 fxml_schedule_view.py:2921 Buffer layer /model.22/Sigmoid (202)
2026-04-13 22:42:45,209     INFO [client_id=n/a] 123502906742464 fxml_schedule_view.py:2921 Buffer layer /model.22/Sigmoid (202)
2026-04-13 22:42:45,210     INFO [client_id=n/a] 123502906742464 fxml_schedule_view.py:2921 Buffer layer /model.22/Sigmoid (202)
2026-04-13 22:42:45,210     INFO [client_id=n/a] 123502906742464 fxml_schedule_view.py:2921 Buffer layer /model.22/Sigmoid (202)
2026-04-13 22:42:45,211     INFO [client_id=n/a] 123502906742464 fxml_schedule_view.py:2921 Buffer layer /model.22/Sigmoid (202)
2026-04-13 22:42:45,211     INFO [client_id=n/a] 123502906742464 fxml_schedule_view.py:2921 Buffer layer /model.22/Sigmoid (202)
2026-04-13 22:42:45,212     INFO [client_id=n/a] 123502906742464 fxml_schedule_view.py:2921 Buffer layer /model.22/Sigmoid (202)
2026-04-13 22:42:45,212     INFO [client_id=n/a] 123502906742464 fxml_schedule_view.py:2921 Buffer layer /model.22/Sigmoid (202)
2026-04-13 22:42:45,213     INFO [client_id=n/a] 123502906742464 fxml_schedule_view.py:2921 Buffer layer /model.22/Sigmoid (202)
2026-04-13 22:42:45,213     INFO [client_id=n/a] 123502906742464 fxml_schedule_view.py:2921 Buffer layer /model.22/Sigmoid (202)
2026-04-13 22:42:45,214     INFO [client_id=n/a] 123502906742464 fxml_schedule_view.py:2921 Buffer layer /model.22/Sigmoid (202)
2026-04-13 22:42:45,335     INFO [client_id=n/a] 123502906742464 fxml_schedule_view.py:2921 Buffer layer /model.22/Sigmoid (202)
2026-04-13 22:42:45,336     INFO [client_id=n/a] 123502906742464 fxml_schedule_view.py:2921 Buffer layer /model.22/Sigmoid (202)
2026-04-13 22:42:45,336     INFO [client_id=n/a] 123502906742464 fxml_schedule_view.py:2921 Buffer layer /model.22/Sigmoid (202)
2026-04-13 22:42:45,337     INFO [client_id=n/a] 123502906742464 fxml_schedule_view.py:2921 Buffer layer /model.22/Sigmoid (202)
2026-04-13 22:42:45,337     INFO [client_id=n/a] 123502906742464 fxml_schedule_view.py:2921 Buffer layer /model.22/Sigmoid (202)
2026-04-13 22:42:45,338     INFO [client_id=n/a] 123502906742464 fxml_schedule_view.py:2921 Buffer layer /model.22/Sigmoid (202)
2026-04-13 22:42:45,338     INFO [client_id=n/a] 123502906742464 fxml_schedule_view.py:2921 Buffer layer /model.22/Sigmoid (202)
2026-04-13 22:42:45,339     INFO [client_id=n/a] 123502906742464 fxml_schedule_view.py:2921 Buffer layer /model.22/Sigmoid (202)
2026-04-13 22:42:45,339     INFO [client_id=n/a] 123502906742464 fxml_schedule_view.py:2921 Buffer layer /model.22/Sigmoid (202)
2026-04-13 22:42:45,340     INFO [client_id=n/a] 123502906742464 fxml_schedule_view.py:2921 Buffer layer /model.22/Sigmoid (202)
2026-04-13 22:42:45,340     INFO [client_id=n/a] 123502906742464 fxml_schedule_view.py:2921 Buffer layer /model.22/Sigmoid (202)
2026-04-13 22:42:45,341     INFO [client_id=n/a] 123502906742464 fxml_schedule_view.py:2921 Buffer layer /model.22/Sigmoid (202)
2026-04-13 22:42:45,341     INFO [client_id=n/a] 123502906742464 fxml_schedule_view.py:2921 Buffer layer /model.22/Sigmoid (202)
2026-04-13 22:42:45,342     INFO [client_id=n/a] 123502906742464 fxml_schedule_view.py:2921 Buffer layer /model.22/Sigmoid (202)
2026-04-13 22:42:45,342     INFO [client_id=n/a] 123502906742464 fxml_schedule_view.py:2921 Buffer layer /model.22/Sigmoid (202)
2026-04-13 22:42:45,343     INFO [client_id=n/a] 123502906742464 fxml_schedule_view.py:2921 Buffer layer /model.22/Sigmoid (202)
2026-04-13 22:42:45,343     INFO [client_id=n/a] 123502906742464 fxml_schedule_view.py:2921 Buffer layer /model.22/Sigmoid (202)
2026-04-13 22:42:45,344     INFO [client_id=n/a] 123502906742464 fxml_schedule_view.py:2921 Buffer layer /model.22/Sigmoid (202)
2026-04-13 22:42:45,344     INFO [client_id=n/a] 123502906742464 fxml_schedule_view.py:2921 Buffer layer /model.22/Sigmoid (202)
2026-04-13 22:42:45,344     INFO [client_id=n/a] 123502906742464 fxml_schedule_view.py:2921 Buffer layer /model.22/Sigmoid (202)
2026-04-13 22:42:45,345     INFO [client_id=n/a] 123502906742464 fxml_schedule_view.py:2921 Buffer layer /model.22/Sigmoid (202)
2026-04-13 22:42:45,345     INFO [client_id=n/a] 123502906742464 fxml_schedule_view.py:2921 Buffer layer /model.22/Sigmoid (202)
2026-04-13 22:42:45,346     INFO [client_id=n/a] 123502906742464 fxml_schedule_view.py:2921 Buffer layer /model.22/Sigmoid (202)
2026-04-13 22:42:50,556     INFO [client_id=n/a] 123502568928960 server.py:35 AI Analyzer 1.7.0.dev20260130181427+g301504b8 serving on http://localhost:8000/dashboard?token=hdVMBmBoYMbYtNGl4iOmcFCjClUSWRIS1zsh8chlEA (Press CTRL+C to quit)
2026-04-13 22:42:53,559     INFO [client_id=n/a] 123502906742464 browser.py:30 Opening http://localhost:8000/dashboard?token=hdVMBmBoYMbYtNGl4iOmcFCjClUSWRIS1zsh8chlEA in the default web browser...
2026-04-14 11:23:32,009     INFO [client_id=n/a] 131470547130048 json_aie_record_timer.py:318 /model.22/Split_1_Duplicated#1 layer not found
2026-04-14 11:23:32,009     INFO [client_id=n/a] 131470547130048 json_aie_record_timer.py:318 /model.22/Split_1_Duplicated#0 layer not found
2026-04-14 11:23:32,109     INFO [client_id=n/a] 131470547130048 fxml_schedule_view.py:2921 Buffer layer /model.22/Sigmoid (202)
2026-04-14 11:23:32,110     INFO [client_id=n/a] 131470547130048 fxml_schedule_view.py:2921 Buffer layer /model.22/Sigmoid (202)
2026-04-14 11:23:32,110     INFO [client_id=n/a] 131470547130048 fxml_schedule_view.py:2921 Buffer layer /model.22/Sigmoid (202)
2026-04-14 11:23:32,111     INFO [client_id=n/a] 131470547130048 fxml_schedule_view.py:2921 Buffer layer /model.22/Sigmoid (202)
2026-04-14 11:23:32,111     INFO [client_id=n/a] 131470547130048 fxml_schedule_view.py:2921 Buffer layer /model.22/Sigmoid (202)
2026-04-14 11:23:32,112     INFO [client_id=n/a] 131470547130048 fxml_schedule_view.py:2921 Buffer layer /model.22/Sigmoid (202)
2026-04-14 11:23:32,112     INFO [client_id=n/a] 131470547130048 fxml_schedule_view.py:2921 Buffer layer /model.22/Sigmoid (202)
2026-04-14 11:23:32,113     INFO [client_id=n/a] 131470547130048 fxml_schedule_view.py:2921 Buffer layer /model.22/Sigmoid (202)
2026-04-14 11:23:32,113     INFO [client_id=n/a] 131470547130048 fxml_schedule_view.py:2921 Buffer layer /model.22/Sigmoid (202)
2026-04-14 11:23:32,114     INFO [client_id=n/a] 131470547130048 fxml_schedule_view.py:2921 Buffer layer /model.22/Sigmoid (202)
2026-04-14 11:23:32,114     INFO [client_id=n/a] 131470547130048 fxml_schedule_view.py:2921 Buffer layer /model.22/Sigmoid (202)
2026-04-14 11:23:32,115     INFO [client_id=n/a] 131470547130048 fxml_schedule_view.py:2921 Buffer layer /model.22/Sigmoid (202)
2026-04-14 11:23:32,115     INFO [client_id=n/a] 131470547130048 fxml_schedule_view.py:2921 Buffer layer /model.22/Sigmoid (202)
2026-04-14 11:23:32,115     INFO [client_id=n/a] 131470547130048 fxml_schedule_view.py:2921 Buffer layer /model.22/Sigmoid (202)
2026-04-14 11:23:32,189     INFO [client_id=n/a] 131470547130048 fxml_schedule_view.py:2921 Buffer layer /model.22/Sigmoid (202)
2026-04-14 11:23:32,190     INFO [client_id=n/a] 131470547130048 fxml_schedule_view.py:2921 Buffer layer /model.22/Sigmoid (202)
2026-04-14 11:23:32,191     INFO [client_id=n/a] 131470547130048 fxml_schedule_view.py:2921 Buffer layer /model.22/Sigmoid (202)
2026-04-14 11:23:32,191     INFO [client_id=n/a] 131470547130048 fxml_schedule_view.py:2921 Buffer layer /model.22/Sigmoid (202)
2026-04-14 11:23:32,192     INFO [client_id=n/a] 131470547130048 fxml_schedule_view.py:2921 Buffer layer /model.22/Sigmoid (202)
2026-04-14 11:23:32,192     INFO [client_id=n/a] 131470547130048 fxml_schedule_view.py:2921 Buffer layer /model.22/Sigmoid (202)
2026-04-14 11:23:32,193     INFO [client_id=n/a] 131470547130048 fxml_schedule_view.py:2921 Buffer layer /model.22/Sigmoid (202)
2026-04-14 11:23:32,194     INFO [client_id=n/a] 131470547130048 fxml_schedule_view.py:2921 Buffer layer /model.22/Sigmoid (202)
2026-04-14 11:23:32,194     INFO [client_id=n/a] 131470547130048 fxml_schedule_view.py:2921 Buffer layer /model.22/Sigmoid (202)
2026-04-14 11:23:32,194     INFO [client_id=n/a] 131470547130048 fxml_schedule_view.py:2921 Buffer layer /model.22/Sigmoid (202)
2026-04-14 11:23:32,195     INFO [client_id=n/a] 131470547130048 fxml_schedule_view.py:2921 Buffer layer /model.22/Sigmoid (202)
2026-04-14 11:23:32,196     INFO [client_id=n/a] 131470547130048 fxml_schedule_view.py:2921 Buffer layer /model.22/Sigmoid (202)
2026-04-14 11:23:32,196     INFO [client_id=n/a] 131470547130048 fxml_schedule_view.py:2921 Buffer layer /model.22/Sigmoid (202)
2026-04-14 11:23:32,197     INFO [client_id=n/a] 131470547130048 fxml_schedule_view.py:2921 Buffer layer /model.22/Sigmoid (202)
2026-04-14 11:23:32,197     INFO [client_id=n/a] 131470547130048 fxml_schedule_view.py:2921 Buffer layer /model.22/Sigmoid (202)
2026-04-14 11:23:32,197     INFO [client_id=n/a] 131470547130048 fxml_schedule_view.py:2921 Buffer layer /model.22/Sigmoid (202)
2026-04-14 11:23:32,198     INFO [client_id=n/a] 131470547130048 fxml_schedule_view.py:2921 Buffer layer /model.22/Sigmoid (202)
2026-04-14 11:23:32,199     INFO [client_id=n/a] 131470547130048 fxml_schedule_view.py:2921 Buffer layer /model.22/Sigmoid (202)
2026-04-14 11:23:32,199     INFO [client_id=n/a] 131470547130048 fxml_schedule_view.py:2921 Buffer layer /model.22/Sigmoid (202)
2026-04-14 11:23:32,199     INFO [client_id=n/a] 131470547130048 fxml_schedule_view.py:2921 Buffer layer /model.22/Sigmoid (202)
2026-04-14 11:23:32,200     INFO [client_id=n/a] 131470547130048 fxml_schedule_view.py:2921 Buffer layer /model.22/Sigmoid (202)
2026-04-14 11:23:32,200     INFO [client_id=n/a] 131470547130048 fxml_schedule_view.py:2921 Buffer layer /model.22/Sigmoid (202)
2026-04-14 11:23:32,201     INFO [client_id=n/a] 131470547130048 fxml_schedule_view.py:2921 Buffer layer /model.22/Sigmoid (202)
2026-04-14 11:23:32,201     INFO [client_id=n/a] 131470547130048 fxml_schedule_view.py:2921 Buffer layer /model.22/Sigmoid (202)
2026-04-14 11:23:32,202     INFO [client_id=n/a] 131470547130048 fxml_schedule_view.py:2921 Buffer layer /model.22/Sigmoid (202)
2026-04-14 11:23:32,202     INFO [client_id=n/a] 131470547130048 fxml_schedule_view.py:2921 Buffer layer /model.22/Sigmoid (202)
2026-04-14 11:23:32,203     INFO [client_id=n/a] 131470547130048 fxml_schedule_view.py:2921 Buffer layer /model.22/Sigmoid (202)
2026-04-14 11:23:32,203     INFO [client_id=n/a] 131470547130048 fxml_schedule_view.py:2921 Buffer layer /model.22/Sigmoid (202)
2026-04-14 11:23:32,204     INFO [client_id=n/a] 131470547130048 fxml_schedule_view.py:2921 Buffer layer /model.22/Sigmoid (202)
2026-04-14 11:23:32,204     INFO [client_id=n/a] 131470547130048 fxml_schedule_view.py:2921 Buffer layer /model.22/Sigmoid (202)
2026-04-14 11:23:32,205     INFO [client_id=n/a] 131470547130048 fxml_schedule_view.py:2921 Buffer layer /model.22/Sigmoid (202)
2026-04-14 11:23:32,205     INFO [client_id=n/a] 131470547130048 fxml_schedule_view.py:2921 Buffer layer /model.22/Sigmoid (202)
2026-04-14 11:23:32,205     INFO [client_id=n/a] 131470547130048 fxml_schedule_view.py:2921 Buffer layer /model.22/Sigmoid (202)
2026-04-14 11:23:32,206     INFO [client_id=n/a] 131470547130048 fxml_schedule_view.py:2921 Buffer layer /model.22/Sigmoid (202)
2026-04-14 11:23:32,207     INFO [client_id=n/a] 131470547130048 fxml_schedule_view.py:2921 Buffer layer /model.22/Sigmoid (202)
2026-04-14 11:23:32,207     INFO [client_id=n/a] 131470547130048 fxml_schedule_view.py:2921 Buffer layer /model.22/Sigmoid (202)
2026-04-14 11:23:32,207     INFO [client_id=n/a] 131470547130048 fxml_schedule_view.py:2921 Buffer layer /model.22/Sigmoid (202)
2026-04-14 11:23:32,208     INFO [client_id=n/a] 131470547130048 fxml_schedule_view.py:2921 Buffer layer /model.22/Sigmoid (202)
2026-04-14 11:23:32,209     INFO [client_id=n/a] 131470547130048 fxml_schedule_view.py:2921 Buffer layer /model.22/Sigmoid (202)
2026-04-14 11:23:32,209     INFO [client_id=n/a] 131470547130048 fxml_schedule_view.py:2921 Buffer layer /model.22/Sigmoid (202)
2026-04-14 11:23:32,210     INFO [client_id=n/a] 131470547130048 fxml_schedule_view.py:2921 Buffer layer /model.22/Sigmoid (202)
2026-04-14 11:23:32,210     INFO [client_id=n/a] 131470547130048 fxml_schedule_view.py:2921 Buffer layer /model.22/Sigmoid (202)
2026-04-14 11:23:32,210     INFO [client_id=n/a] 131470547130048 fxml_schedule_view.py:2921 Buffer layer /model.22/Sigmoid (202)
2026-04-14 11:23:32,211     INFO [client_id=n/a] 131470547130048 fxml_schedule_view.py:2921 Buffer layer /model.22/Sigmoid (202)
2026-04-14 11:23:32,212     INFO [client_id=n/a] 131470547130048 fxml_schedule_view.py:2921 Buffer layer /model.22/Sigmoid (202)
2026-04-14 11:23:32,212     INFO [client_id=n/a] 131470547130048 fxml_schedule_view.py:2921 Buffer layer /model.22/Sigmoid (202)
2026-04-14 11:23:32,213     INFO [client_id=n/a] 131470547130048 fxml_schedule_view.py:2921 Buffer layer /model.22/Sigmoid (202)
2026-04-14 11:23:32,213     INFO [client_id=n/a] 131470547130048 fxml_schedule_view.py:2921 Buffer layer /model.22/Sigmoid (202)
2026-04-14 11:23:32,214     INFO [client_id=n/a] 131470547130048 fxml_schedule_view.py:2921 Buffer layer /model.22/Sigmoid (202)
2026-04-14 11:23:32,214     INFO [client_id=n/a] 131470547130048 fxml_schedule_view.py:2921 Buffer layer /model.22/Sigmoid (202)
2026-04-14 11:23:32,215     INFO [client_id=n/a] 131470547130048 fxml_schedule_view.py:2921 Buffer layer /model.22/Sigmoid (202)
2026-04-14 11:23:32,215     INFO [client_id=n/a] 131470547130048 fxml_schedule_view.py:2921 Buffer layer /model.22/Sigmoid (202)
2026-04-14 11:23:32,216     INFO [client_id=n/a] 131470547130048 fxml_schedule_view.py:2921 Buffer layer /model.22/Sigmoid (202)
2026-04-14 11:23:32,216     INFO [client_id=n/a] 131470547130048 fxml_schedule_view.py:2921 Buffer layer /model.22/Sigmoid (202)
2026-04-14 11:23:32,217     INFO [client_id=n/a] 131470547130048 fxml_schedule_view.py:2921 Buffer layer /model.22/Sigmoid (202)
2026-04-14 11:23:32,217     INFO [client_id=n/a] 131470547130048 fxml_schedule_view.py:2921 Buffer layer /model.22/Sigmoid (202)
2026-04-14 11:23:32,218     INFO [client_id=n/a] 131470547130048 fxml_schedule_view.py:2921 Buffer layer /model.22/Sigmoid (202)
2026-04-14 11:23:32,218     INFO [client_id=n/a] 131470547130048 fxml_schedule_view.py:2921 Buffer layer /model.22/Sigmoid (202)
2026-04-14 11:23:32,219     INFO [client_id=n/a] 131470547130048 fxml_schedule_view.py:2921 Buffer layer /model.22/Sigmoid (202)
2026-04-14 11:23:32,219     INFO [client_id=n/a] 131470547130048 fxml_schedule_view.py:2921 Buffer layer /model.22/Sigmoid (202)
2026-04-14 11:23:32,220     INFO [client_id=n/a] 131470547130048 fxml_schedule_view.py:2921 Buffer layer /model.22/Sigmoid (202)
2026-04-14 11:23:32,311     INFO [client_id=n/a] 131470547130048 fxml_schedule_view.py:2921 Buffer layer /model.22/Sigmoid (202)
2026-04-14 11:23:32,312     INFO [client_id=n/a] 131470547130048 fxml_schedule_view.py:2921 Buffer layer /model.22/Sigmoid (202)
2026-04-14 11:23:32,312     INFO [client_id=n/a] 131470547130048 fxml_schedule_view.py:2921 Buffer layer /model.22/Sigmoid (202)
2026-04-14 11:23:32,313     INFO [client_id=n/a] 131470547130048 fxml_schedule_view.py:2921 Buffer layer /model.22/Sigmoid (202)
2026-04-14 11:23:32,313     INFO [client_id=n/a] 131470547130048 fxml_schedule_view.py:2921 Buffer layer /model.22/Sigmoid (202)
2026-04-14 11:23:32,314     INFO [client_id=n/a] 131470547130048 fxml_schedule_view.py:2921 Buffer layer /model.22/Sigmoid (202)
2026-04-14 11:23:32,314     INFO [client_id=n/a] 131470547130048 fxml_schedule_view.py:2921 Buffer layer /model.22/Sigmoid (202)
2026-04-14 11:23:32,315     INFO [client_id=n/a] 131470547130048 fxml_schedule_view.py:2921 Buffer layer /model.22/Sigmoid (202)
2026-04-14 11:23:32,315     INFO [client_id=n/a] 131470547130048 fxml_schedule_view.py:2921 Buffer layer /model.22/Sigmoid (202)
2026-04-14 11:23:32,316     INFO [client_id=n/a] 131470547130048 fxml_schedule_view.py:2921 Buffer layer /model.22/Sigmoid (202)
2026-04-14 11:23:32,317     INFO [client_id=n/a] 131470547130048 fxml_schedule_view.py:2921 Buffer layer /model.22/Sigmoid (202)
2026-04-14 11:23:32,317     INFO [client_id=n/a] 131470547130048 fxml_schedule_view.py:2921 Buffer layer /model.22/Sigmoid (202)
2026-04-14 11:23:32,317     INFO [client_id=n/a] 131470547130048 fxml_schedule_view.py:2921 Buffer layer /model.22/Sigmoid (202)
2026-04-14 11:23:32,318     INFO [client_id=n/a] 131470547130048 fxml_schedule_view.py:2921 Buffer layer /model.22/Sigmoid (202)
2026-04-14 11:23:32,318     INFO [client_id=n/a] 131470547130048 fxml_schedule_view.py:2921 Buffer layer /model.22/Sigmoid (202)
2026-04-14 11:23:32,319     INFO [client_id=n/a] 131470547130048 fxml_schedule_view.py:2921 Buffer layer /model.22/Sigmoid (202)
2026-04-14 11:23:32,320     INFO [client_id=n/a] 131470547130048 fxml_schedule_view.py:2921 Buffer layer /model.22/Sigmoid (202)
2026-04-14 11:23:32,320     INFO [client_id=n/a] 131470547130048 fxml_schedule_view.py:2921 Buffer layer /model.22/Sigmoid (202)
2026-04-14 11:23:32,320     INFO [client_id=n/a] 131470547130048 fxml_schedule_view.py:2921 Buffer layer /model.22/Sigmoid (202)
2026-04-14 11:23:32,321     INFO [client_id=n/a] 131470547130048 fxml_schedule_view.py:2921 Buffer layer /model.22/Sigmoid (202)
2026-04-14 11:23:32,321     INFO [client_id=n/a] 131470547130048 fxml_schedule_view.py:2921 Buffer layer /model.22/Sigmoid (202)
2026-04-14 11:23:32,322     INFO [client_id=n/a] 131470547130048 fxml_schedule_view.py:2921 Buffer layer /model.22/Sigmoid (202)
2026-04-14 11:23:32,323     INFO [client_id=n/a] 131470547130048 fxml_schedule_view.py:2921 Buffer layer /model.22/Sigmoid (202)
2026-04-14 11:23:37,541     INFO [client_id=n/a] 131470142207680 server.py:35 AI Analyzer 1.7.0.dev20260130181427+g301504b8 serving on http://localhost:8000/dashboard?token=89jEM63DZqry901g1aJvwewoNlfm1FNyapaPbw2EK4 (Press CTRL+C to quit)
2026-04-14 11:23:40,542     INFO [client_id=n/a] 131470547130048 browser.py:30 Opening http://localhost:8000/dashboard?token=89jEM63DZqry901g1aJvwewoNlfm1FNyapaPbw2EK4 in the default web browser...
2026-04-14 14:20:26,162     INFO [client_id=n/a] 127108436367040 json_aie_record_timer.py:318 /model.22/Split_1_Duplicated#1 layer not found
2026-04-14 14:20:26,162     INFO [client_id=n/a] 127108436367040 json_aie_record_timer.py:318 /model.22/Split_1_Duplicated#0 layer not found
2026-04-14 14:20:26,263     INFO [client_id=n/a] 127108436367040 fxml_schedule_view.py:2921 Buffer layer /model.22/Sigmoid (202)
2026-04-14 14:20:26,264     INFO [client_id=n/a] 127108436367040 fxml_schedule_view.py:2921 Buffer layer /model.22/Sigmoid (202)
2026-04-14 14:20:26,264     INFO [client_id=n/a] 127108436367040 fxml_schedule_view.py:2921 Buffer layer /model.22/Sigmoid (202)
2026-04-14 14:20:26,265     INFO [client_id=n/a] 127108436367040 fxml_schedule_view.py:2921 Buffer layer /model.22/Sigmoid (202)
2026-04-14 14:20:26,265     INFO [client_id=n/a] 127108436367040 fxml_schedule_view.py:2921 Buffer layer /model.22/Sigmoid (202)
2026-04-14 14:20:26,266     INFO [client_id=n/a] 127108436367040 fxml_schedule_view.py:2921 Buffer layer /model.22/Sigmoid (202)
2026-04-14 14:20:26,266     INFO [client_id=n/a] 127108436367040 fxml_schedule_view.py:2921 Buffer layer /model.22/Sigmoid (202)
2026-04-14 14:20:26,266     INFO [client_id=n/a] 127108436367040 fxml_schedule_view.py:2921 Buffer layer /model.22/Sigmoid (202)
2026-04-14 14:20:26,267     INFO [client_id=n/a] 127108436367040 fxml_schedule_view.py:2921 Buffer layer /model.22/Sigmoid (202)
2026-04-14 14:20:26,267     INFO [client_id=n/a] 127108436367040 fxml_schedule_view.py:2921 Buffer layer /model.22/Sigmoid (202)
2026-04-14 14:20:26,268     INFO [client_id=n/a] 127108436367040 fxml_schedule_view.py:2921 Buffer layer /model.22/Sigmoid (202)
2026-04-14 14:20:26,268     INFO [client_id=n/a] 127108436367040 fxml_schedule_view.py:2921 Buffer layer /model.22/Sigmoid (202)
2026-04-14 14:20:26,269     INFO [client_id=n/a] 127108436367040 fxml_schedule_view.py:2921 Buffer layer /model.22/Sigmoid (202)
2026-04-14 14:20:26,269     INFO [client_id=n/a] 127108436367040 fxml_schedule_view.py:2921 Buffer layer /model.22/Sigmoid (202)
2026-04-14 14:20:26,344     INFO [client_id=n/a] 127108436367040 fxml_schedule_view.py:2921 Buffer layer /model.22/Sigmoid (202)
2026-04-14 14:20:26,344     INFO [client_id=n/a] 127108436367040 fxml_schedule_view.py:2921 Buffer layer /model.22/Sigmoid (202)
2026-04-14 14:20:26,345     INFO [client_id=n/a] 127108436367040 fxml_schedule_view.py:2921 Buffer layer /model.22/Sigmoid (202)
2026-04-14 14:20:26,345     INFO [client_id=n/a] 127108436367040 fxml_schedule_view.py:2921 Buffer layer /model.22/Sigmoid (202)
2026-04-14 14:20:26,346     INFO [client_id=n/a] 127108436367040 fxml_schedule_view.py:2921 Buffer layer /model.22/Sigmoid (202)
2026-04-14 14:20:26,346     INFO [client_id=n/a] 127108436367040 fxml_schedule_view.py:2921 Buffer layer /model.22/Sigmoid (202)
2026-04-14 14:20:26,347     INFO [client_id=n/a] 127108436367040 fxml_schedule_view.py:2921 Buffer layer /model.22/Sigmoid (202)
2026-04-14 14:20:26,348     INFO [client_id=n/a] 127108436367040 fxml_schedule_view.py:2921 Buffer layer /model.22/Sigmoid (202)
2026-04-14 14:20:26,348     INFO [client_id=n/a] 127108436367040 fxml_schedule_view.py:2921 Buffer layer /model.22/Sigmoid (202)
2026-04-14 14:20:26,348     INFO [client_id=n/a] 127108436367040 fxml_schedule_view.py:2921 Buffer layer /model.22/Sigmoid (202)
2026-04-14 14:20:26,349     INFO [client_id=n/a] 127108436367040 fxml_schedule_view.py:2921 Buffer layer /model.22/Sigmoid (202)
2026-04-14 14:20:26,350     INFO [client_id=n/a] 127108436367040 fxml_schedule_view.py:2921 Buffer layer /model.22/Sigmoid (202)
2026-04-14 14:20:26,350     INFO [client_id=n/a] 127108436367040 fxml_schedule_view.py:2921 Buffer layer /model.22/Sigmoid (202)
2026-04-14 14:20:26,351     INFO [client_id=n/a] 127108436367040 fxml_schedule_view.py:2921 Buffer layer /model.22/Sigmoid (202)
2026-04-14 14:20:26,351     INFO [client_id=n/a] 127108436367040 fxml_schedule_view.py:2921 Buffer layer /model.22/Sigmoid (202)
2026-04-14 14:20:26,351     INFO [client_id=n/a] 127108436367040 fxml_schedule_view.py:2921 Buffer layer /model.22/Sigmoid (202)
2026-04-14 14:20:26,352     INFO [client_id=n/a] 127108436367040 fxml_schedule_view.py:2921 Buffer layer /model.22/Sigmoid (202)
2026-04-14 14:20:26,353     INFO [client_id=n/a] 127108436367040 fxml_schedule_view.py:2921 Buffer layer /model.22/Sigmoid (202)
2026-04-14 14:20:26,353     INFO [client_id=n/a] 127108436367040 fxml_schedule_view.py:2921 Buffer layer /model.22/Sigmoid (202)
2026-04-14 14:20:26,353     INFO [client_id=n/a] 127108436367040 fxml_schedule_view.py:2921 Buffer layer /model.22/Sigmoid (202)
2026-04-14 14:20:26,354     INFO [client_id=n/a] 127108436367040 fxml_schedule_view.py:2921 Buffer layer /model.22/Sigmoid (202)
2026-04-14 14:20:26,354     INFO [client_id=n/a] 127108436367040 fxml_schedule_view.py:2921 Buffer layer /model.22/Sigmoid (202)
2026-04-14 14:20:26,355     INFO [client_id=n/a] 127108436367040 fxml_schedule_view.py:2921 Buffer layer /model.22/Sigmoid (202)
2026-04-14 14:20:26,355     INFO [client_id=n/a] 127108436367040 fxml_schedule_view.py:2921 Buffer layer /model.22/Sigmoid (202)
2026-04-14 14:20:26,356     INFO [client_id=n/a] 127108436367040 fxml_schedule_view.py:2921 Buffer layer /model.22/Sigmoid (202)
2026-04-14 14:20:26,356     INFO [client_id=n/a] 127108436367040 fxml_schedule_view.py:2921 Buffer layer /model.22/Sigmoid (202)
2026-04-14 14:20:26,357     INFO [client_id=n/a] 127108436367040 fxml_schedule_view.py:2921 Buffer layer /model.22/Sigmoid (202)
2026-04-14 14:20:26,357     INFO [client_id=n/a] 127108436367040 fxml_schedule_view.py:2921 Buffer layer /model.22/Sigmoid (202)
2026-04-14 14:20:26,358     INFO [client_id=n/a] 127108436367040 fxml_schedule_view.py:2921 Buffer layer /model.22/Sigmoid (202)
2026-04-14 14:20:26,358     INFO [client_id=n/a] 127108436367040 fxml_schedule_view.py:2921 Buffer layer /model.22/Sigmoid (202)
2026-04-14 14:20:26,358     INFO [client_id=n/a] 127108436367040 fxml_schedule_view.py:2921 Buffer layer /model.22/Sigmoid (202)
2026-04-14 14:20:26,359     INFO [client_id=n/a] 127108436367040 fxml_schedule_view.py:2921 Buffer layer /model.22/Sigmoid (202)
2026-04-14 14:20:26,359     INFO [client_id=n/a] 127108436367040 fxml_schedule_view.py:2921 Buffer layer /model.22/Sigmoid (202)
2026-04-14 14:20:26,360     INFO [client_id=n/a] 127108436367040 fxml_schedule_view.py:2921 Buffer layer /model.22/Sigmoid (202)
2026-04-14 14:20:26,360     INFO [client_id=n/a] 127108436367040 fxml_schedule_view.py:2921 Buffer layer /model.22/Sigmoid (202)
2026-04-14 14:20:26,361     INFO [client_id=n/a] 127108436367040 fxml_schedule_view.py:2921 Buffer layer /model.22/Sigmoid (202)
2026-04-14 14:20:26,361     INFO [client_id=n/a] 127108436367040 fxml_schedule_view.py:2921 Buffer layer /model.22/Sigmoid (202)
2026-04-14 14:20:26,361     INFO [client_id=n/a] 127108436367040 fxml_schedule_view.py:2921 Buffer layer /model.22/Sigmoid (202)
2026-04-14 14:20:26,362     INFO [client_id=n/a] 127108436367040 fxml_schedule_view.py:2921 Buffer layer /model.22/Sigmoid (202)
2026-04-14 14:20:26,363     INFO [client_id=n/a] 127108436367040 fxml_schedule_view.py:2921 Buffer layer /model.22/Sigmoid (202)
2026-04-14 14:20:26,363     INFO [client_id=n/a] 127108436367040 fxml_schedule_view.py:2921 Buffer layer /model.22/Sigmoid (202)
2026-04-14 14:20:26,363     INFO [client_id=n/a] 127108436367040 fxml_schedule_view.py:2921 Buffer layer /model.22/Sigmoid (202)
2026-04-14 14:20:26,364     INFO [client_id=n/a] 127108436367040 fxml_schedule_view.py:2921 Buffer layer /model.22/Sigmoid (202)
2026-04-14 14:20:26,364     INFO [client_id=n/a] 127108436367040 fxml_schedule_view.py:2921 Buffer layer /model.22/Sigmoid (202)
2026-04-14 14:20:26,365     INFO [client_id=n/a] 127108436367040 fxml_schedule_view.py:2921 Buffer layer /model.22/Sigmoid (202)
2026-04-14 14:20:26,366     INFO [client_id=n/a] 127108436367040 fxml_schedule_view.py:2921 Buffer layer /model.22/Sigmoid (202)
2026-04-14 14:20:26,366     INFO [client_id=n/a] 127108436367040 fxml_schedule_view.py:2921 Buffer layer /model.22/Sigmoid (202)
2026-04-14 14:20:26,366     INFO [client_id=n/a] 127108436367040 fxml_schedule_view.py:2921 Buffer layer /model.22/Sigmoid (202)
2026-04-14 14:20:26,367     INFO [client_id=n/a] 127108436367040 fxml_schedule_view.py:2921 Buffer layer /model.22/Sigmoid (202)
2026-04-14 14:20:26,368     INFO [client_id=n/a] 127108436367040 fxml_schedule_view.py:2921 Buffer layer /model.22/Sigmoid (202)
2026-04-14 14:20:26,368     INFO [client_id=n/a] 127108436367040 fxml_schedule_view.py:2921 Buffer layer /model.22/Sigmoid (202)
2026-04-14 14:20:26,369     INFO [client_id=n/a] 127108436367040 fxml_schedule_view.py:2921 Buffer layer /model.22/Sigmoid (202)
2026-04-14 14:20:26,369     INFO [client_id=n/a] 127108436367040 fxml_schedule_view.py:2921 Buffer layer /model.22/Sigmoid (202)
2026-04-14 14:20:26,370     INFO [client_id=n/a] 127108436367040 fxml_schedule_view.py:2921 Buffer layer /model.22/Sigmoid (202)
2026-04-14 14:20:26,370     INFO [client_id=n/a] 127108436367040 fxml_schedule_view.py:2921 Buffer layer /model.22/Sigmoid (202)
2026-04-14 14:20:26,371     INFO [client_id=n/a] 127108436367040 fxml_schedule_view.py:2921 Buffer layer /model.22/Sigmoid (202)
2026-04-14 14:20:26,371     INFO [client_id=n/a] 127108436367040 fxml_schedule_view.py:2921 Buffer layer /model.22/Sigmoid (202)
2026-04-14 14:20:26,372     INFO [client_id=n/a] 127108436367040 fxml_schedule_view.py:2921 Buffer layer /model.22/Sigmoid (202)
2026-04-14 14:20:26,372     INFO [client_id=n/a] 127108436367040 fxml_schedule_view.py:2921 Buffer layer /model.22/Sigmoid (202)
2026-04-14 14:20:26,373     INFO [client_id=n/a] 127108436367040 fxml_schedule_view.py:2921 Buffer layer /model.22/Sigmoid (202)
2026-04-14 14:20:26,373     INFO [client_id=n/a] 127108436367040 fxml_schedule_view.py:2921 Buffer layer /model.22/Sigmoid (202)
2026-04-14 14:20:26,472     INFO [client_id=n/a] 127108436367040 fxml_schedule_view.py:2921 Buffer layer /model.22/Sigmoid (202)
2026-04-14 14:20:26,472     INFO [client_id=n/a] 127108436367040 fxml_schedule_view.py:2921 Buffer layer /model.22/Sigmoid (202)
2026-04-14 14:20:26,473     INFO [client_id=n/a] 127108436367040 fxml_schedule_view.py:2921 Buffer layer /model.22/Sigmoid (202)
2026-04-14 14:20:26,473     INFO [client_id=n/a] 127108436367040 fxml_schedule_view.py:2921 Buffer layer /model.22/Sigmoid (202)
2026-04-14 14:20:26,474     INFO [client_id=n/a] 127108436367040 fxml_schedule_view.py:2921 Buffer layer /model.22/Sigmoid (202)
2026-04-14 14:20:26,475     INFO [client_id=n/a] 127108436367040 fxml_schedule_view.py:2921 Buffer layer /model.22/Sigmoid (202)
2026-04-14 14:20:26,475     INFO [client_id=n/a] 127108436367040 fxml_schedule_view.py:2921 Buffer layer /model.22/Sigmoid (202)
2026-04-14 14:20:26,476     INFO [client_id=n/a] 127108436367040 fxml_schedule_view.py:2921 Buffer layer /model.22/Sigmoid (202)
2026-04-14 14:20:26,476     INFO [client_id=n/a] 127108436367040 fxml_schedule_view.py:2921 Buffer layer /model.22/Sigmoid (202)
2026-04-14 14:20:26,476     INFO [client_id=n/a] 127108436367040 fxml_schedule_view.py:2921 Buffer layer /model.22/Sigmoid (202)
2026-04-14 14:20:26,477     INFO [client_id=n/a] 127108436367040 fxml_schedule_view.py:2921 Buffer layer /model.22/Sigmoid (202)
2026-04-14 14:20:26,478     INFO [client_id=n/a] 127108436367040 fxml_schedule_view.py:2921 Buffer layer /model.22/Sigmoid (202)
2026-04-14 14:20:26,478     INFO [client_id=n/a] 127108436367040 fxml_schedule_view.py:2921 Buffer layer /model.22/Sigmoid (202)
2026-04-14 14:20:26,479     INFO [client_id=n/a] 127108436367040 fxml_schedule_view.py:2921 Buffer layer /model.22/Sigmoid (202)
2026-04-14 14:20:26,479     INFO [client_id=n/a] 127108436367040 fxml_schedule_view.py:2921 Buffer layer /model.22/Sigmoid (202)
2026-04-14 14:20:26,480     INFO [client_id=n/a] 127108436367040 fxml_schedule_view.py:2921 Buffer layer /model.22/Sigmoid (202)
2026-04-14 14:20:26,480     INFO [client_id=n/a] 127108436367040 fxml_schedule_view.py:2921 Buffer layer /model.22/Sigmoid (202)
2026-04-14 14:20:26,481     INFO [client_id=n/a] 127108436367040 fxml_schedule_view.py:2921 Buffer layer /model.22/Sigmoid (202)
2026-04-14 14:20:26,481     INFO [client_id=n/a] 127108436367040 fxml_schedule_view.py:2921 Buffer layer /model.22/Sigmoid (202)
2026-04-14 14:20:26,482     INFO [client_id=n/a] 127108436367040 fxml_schedule_view.py:2921 Buffer layer /model.22/Sigmoid (202)
2026-04-14 14:20:26,482     INFO [client_id=n/a] 127108436367040 fxml_schedule_view.py:2921 Buffer layer /model.22/Sigmoid (202)
2026-04-14 14:20:26,483     INFO [client_id=n/a] 127108436367040 fxml_schedule_view.py:2921 Buffer layer /model.22/Sigmoid (202)
2026-04-14 14:20:26,483     INFO [client_id=n/a] 127108436367040 fxml_schedule_view.py:2921 Buffer layer /model.22/Sigmoid (202)
2026-04-14 14:20:31,752     INFO [client_id=n/a] 127108032489152 server.py:35 AI Analyzer 1.7.0.dev20260130181427+g301504b8 serving on http://localhost:8000/dashboard?token=y31nocVCmKMFR4E8hKUyyCNCB1dfUvVyVXFOzgMNIvY (Press CTRL+C to quit)
2026-04-14 14:20:34,754     INFO [client_id=n/a] 127108436367040 browser.py:30 Opening http://localhost:8000/dashboard?token=y31nocVCmKMFR4E8hKUyyCNCB1dfUvVyVXFOzgMNIvY in the default web browser...
2026-04-15 23:53:07,384     INFO [client_id=n/a] 139815278343872 json_aie_record_timer.py:318 /model.22/Split_1_Duplicated#1 layer not found
2026-04-15 23:53:07,384     INFO [client_id=n/a] 139815278343872 json_aie_record_timer.py:318 /model.22/Split_1_Duplicated#0 layer not found
2026-04-15 23:53:07,492     INFO [client_id=n/a] 139815278343872 fxml_schedule_view.py:2921 Buffer layer /model.22/Sigmoid (202)
2026-04-15 23:53:09,765     INFO [client_id=n/a] 139815235176128 server.py:35 AI Analyzer 1.7.0.dev20260130181427+g301504b8 serving on http://localhost:8000/dashboard?token=GlcTgPx6uSlCtQnFR9gVEZ8ImEZk73464LHZ4zBg4 (Press CTRL+C to quit)
2026-04-15 23:53:12,766     INFO [client_id=n/a] 139815278343872 browser.py:30 Opening http://localhost:8000/dashboard?token=GlcTgPx6uSlCtQnFR9gVEZ8ImEZk73464LHZ4zBg4 in the default web browser...
2026-04-15 23:56:15,182     INFO [client_id=n/a] 123561693058752 json_aie_record_timer.py:318 /model.22/Split_1_Duplicated#1 layer not found
2026-04-15 23:56:15,182     INFO [client_id=n/a] 123561693058752 json_aie_record_timer.py:318 /model.22/Split_1_Duplicated#0 layer not found
2026-04-15 23:56:15,283     INFO [client_id=n/a] 123561693058752 fxml_schedule_view.py:2921 Buffer layer /model.22/Sigmoid (202)
2026-04-15 23:56:17,559     INFO [client_id=n/a] 123561693058752 server.py:35 AI Analyzer 1.7.0.dev20260130181427+g301504b8 serving on http://0.0.0.0:8000/dashboard?token=irCP3gYF10vC8mA156oxp3EwpSGyPFWf7d57vQqk (Press CTRL+C to quit)
2026-04-15 23:57:23,856     INFO [client_id=n/a] 134978952402624 json_aie_record_timer.py:318 /model.22/Split_1_Duplicated#1 layer not found
2026-04-15 23:57:23,856     INFO [client_id=n/a] 134978952402624 json_aie_record_timer.py:318 /model.22/Split_1_Duplicated#0 layer not found
2026-04-15 23:57:23,958     INFO [client_id=n/a] 134978952402624 fxml_schedule_view.py:2921 Buffer layer /model.22/Sigmoid (202)
2026-04-15 23:57:23,959     INFO [client_id=n/a] 134978952402624 fxml_schedule_view.py:2921 Buffer layer /model.22/Sigmoid (202)
2026-04-15 23:57:23,959     INFO [client_id=n/a] 134978952402624 fxml_schedule_view.py:2921 Buffer layer /model.22/Sigmoid (202)
2026-04-15 23:57:23,960     INFO [client_id=n/a] 134978952402624 fxml_schedule_view.py:2921 Buffer layer /model.22/Sigmoid (202)
2026-04-15 23:57:23,960     INFO [client_id=n/a] 134978952402624 fxml_schedule_view.py:2921 Buffer layer /model.22/Sigmoid (202)
2026-04-15 23:57:23,961     INFO [client_id=n/a] 134978952402624 fxml_schedule_view.py:2921 Buffer layer /model.22/Sigmoid (202)
2026-04-15 23:57:23,961     INFO [client_id=n/a] 134978952402624 fxml_schedule_view.py:2921 Buffer layer /model.22/Sigmoid (202)
2026-04-15 23:57:23,962     INFO [client_id=n/a] 134978952402624 fxml_schedule_view.py:2921 Buffer layer /model.22/Sigmoid (202)
2026-04-15 23:57:23,962     INFO [client_id=n/a] 134978952402624 fxml_schedule_view.py:2921 Buffer layer /model.22/Sigmoid (202)
2026-04-15 23:57:23,963     INFO [client_id=n/a] 134978952402624 fxml_schedule_view.py:2921 Buffer layer /model.22/Sigmoid (202)
2026-04-15 23:57:23,963     INFO [client_id=n/a] 134978952402624 fxml_schedule_view.py:2921 Buffer layer /model.22/Sigmoid (202)
2026-04-15 23:57:23,964     INFO [client_id=n/a] 134978952402624 fxml_schedule_view.py:2921 Buffer layer /model.22/Sigmoid (202)
2026-04-15 23:57:23,964     INFO [client_id=n/a] 134978952402624 fxml_schedule_view.py:2921 Buffer layer /model.22/Sigmoid (202)
2026-04-15 23:57:23,964     INFO [client_id=n/a] 134978952402624 fxml_schedule_view.py:2921 Buffer layer /model.22/Sigmoid (202)
2026-04-15 23:57:23,965     INFO [client_id=n/a] 134978952402624 fxml_schedule_view.py:2921 Buffer layer /model.22/Sigmoid (202)
2026-04-15 23:57:24,044     INFO [client_id=n/a] 134978952402624 fxml_schedule_view.py:2921 Buffer layer /model.22/Sigmoid (202)
2026-04-15 23:57:24,044     INFO [client_id=n/a] 134978952402624 fxml_schedule_view.py:2921 Buffer layer /model.22/Sigmoid (202)
2026-04-15 23:57:24,045     INFO [client_id=n/a] 134978952402624 fxml_schedule_view.py:2921 Buffer layer /model.22/Sigmoid (202)
2026-04-15 23:57:24,045     INFO [client_id=n/a] 134978952402624 fxml_schedule_view.py:2921 Buffer layer /model.22/Sigmoid (202)
2026-04-15 23:57:24,046     INFO [client_id=n/a] 134978952402624 fxml_schedule_view.py:2921 Buffer layer /model.22/Sigmoid (202)
2026-04-15 23:57:24,047     INFO [client_id=n/a] 134978952402624 fxml_schedule_view.py:2921 Buffer layer /model.22/Sigmoid (202)
2026-04-15 23:57:24,047     INFO [client_id=n/a] 134978952402624 fxml_schedule_view.py:2921 Buffer layer /model.22/Sigmoid (202)
2026-04-15 23:57:24,047     INFO [client_id=n/a] 134978952402624 fxml_schedule_view.py:2921 Buffer layer /model.22/Sigmoid (202)
2026-04-15 23:57:24,048     INFO [client_id=n/a] 134978952402624 fxml_schedule_view.py:2921 Buffer layer /model.22/Sigmoid (202)
2026-04-15 23:57:24,048     INFO [client_id=n/a] 134978952402624 fxml_schedule_view.py:2921 Buffer layer /model.22/Sigmoid (202)
2026-04-15 23:57:24,049     INFO [client_id=n/a] 134978952402624 fxml_schedule_view.py:2921 Buffer layer /model.22/Sigmoid (202)
2026-04-15 23:57:24,049     INFO [client_id=n/a] 134978952402624 fxml_schedule_view.py:2921 Buffer layer /model.22/Sigmoid (202)
2026-04-15 23:57:24,050     INFO [client_id=n/a] 134978952402624 fxml_schedule_view.py:2921 Buffer layer /model.22/Sigmoid (202)
2026-04-15 23:57:24,050     INFO [client_id=n/a] 134978952402624 fxml_schedule_view.py:2921 Buffer layer /model.22/Sigmoid (202)
2026-04-15 23:57:24,051     INFO [client_id=n/a] 134978952402624 fxml_schedule_view.py:2921 Buffer layer /model.22/Sigmoid (202)
2026-04-15 23:57:24,051     INFO [client_id=n/a] 134978952402624 fxml_schedule_view.py:2921 Buffer layer /model.22/Sigmoid (202)
2026-04-15 23:57:24,052     INFO [client_id=n/a] 134978952402624 fxml_schedule_view.py:2921 Buffer layer /model.22/Sigmoid (202)
2026-04-15 23:57:24,052     INFO [client_id=n/a] 134978952402624 fxml_schedule_view.py:2921 Buffer layer /model.22/Sigmoid (202)
2026-04-15 23:57:24,053     INFO [client_id=n/a] 134978952402624 fxml_schedule_view.py:2921 Buffer layer /model.22/Sigmoid (202)
2026-04-15 23:57:24,053     INFO [client_id=n/a] 134978952402624 fxml_schedule_view.py:2921 Buffer layer /model.22/Sigmoid (202)
2026-04-15 23:57:24,054     INFO [client_id=n/a] 134978952402624 fxml_schedule_view.py:2921 Buffer layer /model.22/Sigmoid (202)
2026-04-15 23:57:24,054     INFO [client_id=n/a] 134978952402624 fxml_schedule_view.py:2921 Buffer layer /model.22/Sigmoid (202)
2026-04-15 23:57:24,055     INFO [client_id=n/a] 134978952402624 fxml_schedule_view.py:2921 Buffer layer /model.22/Sigmoid (202)
2026-04-15 23:57:24,055     INFO [client_id=n/a] 134978952402624 fxml_schedule_view.py:2921 Buffer layer /model.22/Sigmoid (202)
2026-04-15 23:57:24,055     INFO [client_id=n/a] 134978952402624 fxml_schedule_view.py:2921 Buffer layer /model.22/Sigmoid (202)
2026-04-15 23:57:24,056     INFO [client_id=n/a] 134978952402624 fxml_schedule_view.py:2921 Buffer layer /model.22/Sigmoid (202)
2026-04-15 23:57:24,056     INFO [client_id=n/a] 134978952402624 fxml_schedule_view.py:2921 Buffer layer /model.22/Sigmoid (202)
2026-04-15 23:57:24,057     INFO [client_id=n/a] 134978952402624 fxml_schedule_view.py:2921 Buffer layer /model.22/Sigmoid (202)
2026-04-15 23:57:24,057     INFO [client_id=n/a] 134978952402624 fxml_schedule_view.py:2921 Buffer layer /model.22/Sigmoid (202)
2026-04-15 23:57:24,058     INFO [client_id=n/a] 134978952402624 fxml_schedule_view.py:2921 Buffer layer /model.22/Sigmoid (202)
2026-04-15 23:57:24,058     INFO [client_id=n/a] 134978952402624 fxml_schedule_view.py:2921 Buffer layer /model.22/Sigmoid (202)
2026-04-15 23:57:24,059     INFO [client_id=n/a] 134978952402624 fxml_schedule_view.py:2921 Buffer layer /model.22/Sigmoid (202)
2026-04-15 23:57:24,059     INFO [client_id=n/a] 134978952402624 fxml_schedule_view.py:2921 Buffer layer /model.22/Sigmoid (202)
2026-04-15 23:57:24,060     INFO [client_id=n/a] 134978952402624 fxml_schedule_view.py:2921 Buffer layer /model.22/Sigmoid (202)
2026-04-15 23:57:24,060     INFO [client_id=n/a] 134978952402624 fxml_schedule_view.py:2921 Buffer layer /model.22/Sigmoid (202)
2026-04-15 23:57:24,061     INFO [client_id=n/a] 134978952402624 fxml_schedule_view.py:2921 Buffer layer /model.22/Sigmoid (202)
2026-04-15 23:57:24,061     INFO [client_id=n/a] 134978952402624 fxml_schedule_view.py:2921 Buffer layer /model.22/Sigmoid (202)
2026-04-15 23:57:24,061     INFO [client_id=n/a] 134978952402624 fxml_schedule_view.py:2921 Buffer layer /model.22/Sigmoid (202)
2026-04-15 23:57:24,062     INFO [client_id=n/a] 134978952402624 fxml_schedule_view.py:2921 Buffer layer /model.22/Sigmoid (202)
2026-04-15 23:57:24,063     INFO [client_id=n/a] 134978952402624 fxml_schedule_view.py:2921 Buffer layer /model.22/Sigmoid (202)
2026-04-15 23:57:24,063     INFO [client_id=n/a] 134978952402624 fxml_schedule_view.py:2921 Buffer layer /model.22/Sigmoid (202)
2026-04-15 23:57:24,063     INFO [client_id=n/a] 134978952402624 fxml_schedule_view.py:2921 Buffer layer /model.22/Sigmoid (202)
2026-04-15 23:57:24,064     INFO [client_id=n/a] 134978952402624 fxml_schedule_view.py:2921 Buffer layer /model.22/Sigmoid (202)
2026-04-15 23:57:24,065     INFO [client_id=n/a] 134978952402624 fxml_schedule_view.py:2921 Buffer layer /model.22/Sigmoid (202)
2026-04-15 23:57:24,065     INFO [client_id=n/a] 134978952402624 fxml_schedule_view.py:2921 Buffer layer /model.22/Sigmoid (202)
2026-04-15 23:57:24,066     INFO [client_id=n/a] 134978952402624 fxml_schedule_view.py:2921 Buffer layer /model.22/Sigmoid (202)
2026-04-15 23:57:24,066     INFO [client_id=n/a] 134978952402624 fxml_schedule_view.py:2921 Buffer layer /model.22/Sigmoid (202)
2026-04-15 23:57:24,066     INFO [client_id=n/a] 134978952402624 fxml_schedule_view.py:2921 Buffer layer /model.22/Sigmoid (202)
2026-04-15 23:57:24,067     INFO [client_id=n/a] 134978952402624 fxml_schedule_view.py:2921 Buffer layer /model.22/Sigmoid (202)
2026-04-15 23:57:24,067     INFO [client_id=n/a] 134978952402624 fxml_schedule_view.py:2921 Buffer layer /model.22/Sigmoid (202)
2026-04-15 23:57:24,068     INFO [client_id=n/a] 134978952402624 fxml_schedule_view.py:2921 Buffer layer /model.22/Sigmoid (202)
2026-04-15 23:57:24,068     INFO [client_id=n/a] 134978952402624 fxml_schedule_view.py:2921 Buffer layer /model.22/Sigmoid (202)
2026-04-15 23:57:24,069     INFO [client_id=n/a] 134978952402624 fxml_schedule_view.py:2921 Buffer layer /model.22/Sigmoid (202)
2026-04-15 23:57:24,069     INFO [client_id=n/a] 134978952402624 fxml_schedule_view.py:2921 Buffer layer /model.22/Sigmoid (202)
2026-04-15 23:57:24,070     INFO [client_id=n/a] 134978952402624 fxml_schedule_view.py:2921 Buffer layer /model.22/Sigmoid (202)
2026-04-15 23:57:24,070     INFO [client_id=n/a] 134978952402624 fxml_schedule_view.py:2921 Buffer layer /model.22/Sigmoid (202)
2026-04-15 23:57:24,071     INFO [client_id=n/a] 134978952402624 fxml_schedule_view.py:2921 Buffer layer /model.22/Sigmoid (202)
2026-04-15 23:57:24,071     INFO [client_id=n/a] 134978952402624 fxml_schedule_view.py:2921 Buffer layer /model.22/Sigmoid (202)
2026-04-15 23:57:24,072     INFO [client_id=n/a] 134978952402624 fxml_schedule_view.py:2921 Buffer layer /model.22/Sigmoid (202)
2026-04-15 23:57:24,072     INFO [client_id=n/a] 134978952402624 fxml_schedule_view.py:2921 Buffer layer /model.22/Sigmoid (202)
2026-04-15 23:57:24,171     INFO [client_id=n/a] 134978952402624 fxml_schedule_view.py:2921 Buffer layer /model.22/Sigmoid (202)
2026-04-15 23:57:24,172     INFO [client_id=n/a] 134978952402624 fxml_schedule_view.py:2921 Buffer layer /model.22/Sigmoid (202)
2026-04-15 23:57:24,172     INFO [client_id=n/a] 134978952402624 fxml_schedule_view.py:2921 Buffer layer /model.22/Sigmoid (202)
2026-04-15 23:57:24,172     INFO [client_id=n/a] 134978952402624 fxml_schedule_view.py:2921 Buffer layer /model.22/Sigmoid (202)
2026-04-15 23:57:24,173     INFO [client_id=n/a] 134978952402624 fxml_schedule_view.py:2921 Buffer layer /model.22/Sigmoid (202)
2026-04-15 23:57:24,174     INFO [client_id=n/a] 134978952402624 fxml_schedule_view.py:2921 Buffer layer /model.22/Sigmoid (202)
2026-04-15 23:57:24,174     INFO [client_id=n/a] 134978952402624 fxml_schedule_view.py:2921 Buffer layer /model.22/Sigmoid (202)
2026-04-15 23:57:24,175     INFO [client_id=n/a] 134978952402624 fxml_schedule_view.py:2921 Buffer layer /model.22/Sigmoid (202)
2026-04-15 23:57:24,175     INFO [client_id=n/a] 134978952402624 fxml_schedule_view.py:2921 Buffer layer /model.22/Sigmoid (202)
2026-04-15 23:57:24,175     INFO [client_id=n/a] 134978952402624 fxml_schedule_view.py:2921 Buffer layer /model.22/Sigmoid (202)
2026-04-15 23:57:24,176     INFO [client_id=n/a] 134978952402624 fxml_schedule_view.py:2921 Buffer layer /model.22/Sigmoid (202)
2026-04-15 23:57:24,177     INFO [client_id=n/a] 134978952402624 fxml_schedule_view.py:2921 Buffer layer /model.22/Sigmoid (202)
2026-04-15 23:57:24,177     INFO [client_id=n/a] 134978952402624 fxml_schedule_view.py:2921 Buffer layer /model.22/Sigmoid (202)
2026-04-15 23:57:24,177     INFO [client_id=n/a] 134978952402624 fxml_schedule_view.py:2921 Buffer layer /model.22/Sigmoid (202)
2026-04-15 23:57:24,178     INFO [client_id=n/a] 134978952402624 fxml_schedule_view.py:2921 Buffer layer /model.22/Sigmoid (202)
2026-04-15 23:57:24,178     INFO [client_id=n/a] 134978952402624 fxml_schedule_view.py:2921 Buffer layer /model.22/Sigmoid (202)
2026-04-15 23:57:24,179     INFO [client_id=n/a] 134978952402624 fxml_schedule_view.py:2921 Buffer layer /model.22/Sigmoid (202)
2026-04-15 23:57:24,179     INFO [client_id=n/a] 134978952402624 fxml_schedule_view.py:2921 Buffer layer /model.22/Sigmoid (202)
2026-04-15 23:57:24,180     INFO [client_id=n/a] 134978952402624 fxml_schedule_view.py:2921 Buffer layer /model.22/Sigmoid (202)
2026-04-15 23:57:24,180     INFO [client_id=n/a] 134978952402624 fxml_schedule_view.py:2921 Buffer layer /model.22/Sigmoid (202)
2026-04-15 23:57:24,181     INFO [client_id=n/a] 134978952402624 fxml_schedule_view.py:2921 Buffer layer /model.22/Sigmoid (202)
2026-04-15 23:57:24,181     INFO [client_id=n/a] 134978952402624 fxml_schedule_view.py:2921 Buffer layer /model.22/Sigmoid (202)
2026-04-15 23:57:24,182     INFO [client_id=n/a] 134978952402624 fxml_schedule_view.py:2921 Buffer layer /model.22/Sigmoid (202)
2026-04-15 23:57:29,452     INFO [client_id=n/a] 134978952402624 server.py:35 AI Analyzer 1.7.0.dev20260130181427+g301504b8 serving on http://0.0.0.0:8000/dashboard?token=mKK13863kq1R4d5nc6PkP6vC7CKz1UzoRkD2HPB0 (Press CTRL+C to quit)
2026-04-15 23:58:57,060     INFO [client_id=n/a] 131236446246592 json_aie_record_timer.py:318 /model.22/Split_1_Duplicated#1 layer not found
2026-04-15 23:58:57,060     INFO [client_id=n/a] 131236446246592 json_aie_record_timer.py:318 /model.22/Split_1_Duplicated#0 layer not found
2026-04-15 23:58:57,162     INFO [client_id=n/a] 131236446246592 fxml_schedule_view.py:2921 Buffer layer /model.22/Sigmoid (202)
2026-04-15 23:58:57,162     INFO [client_id=n/a] 131236446246592 fxml_schedule_view.py:2921 Buffer layer /model.22/Sigmoid (202)
2026-04-15 23:58:57,163     INFO [client_id=n/a] 131236446246592 fxml_schedule_view.py:2921 Buffer layer /model.22/Sigmoid (202)
2026-04-15 23:58:57,163     INFO [client_id=n/a] 131236446246592 fxml_schedule_view.py:2921 Buffer layer /model.22/Sigmoid (202)
2026-04-15 23:58:57,164     INFO [client_id=n/a] 131236446246592 fxml_schedule_view.py:2921 Buffer layer /model.22/Sigmoid (202)
2026-04-15 23:58:57,164     INFO [client_id=n/a] 131236446246592 fxml_schedule_view.py:2921 Buffer layer /model.22/Sigmoid (202)
2026-04-15 23:58:57,165     INFO [client_id=n/a] 131236446246592 fxml_schedule_view.py:2921 Buffer layer /model.22/Sigmoid (202)
2026-04-15 23:58:57,165     INFO [client_id=n/a] 131236446246592 fxml_schedule_view.py:2921 Buffer layer /model.22/Sigmoid (202)
2026-04-15 23:58:57,165     INFO [client_id=n/a] 131236446246592 fxml_schedule_view.py:2921 Buffer layer /model.22/Sigmoid (202)
2026-04-15 23:58:57,166     INFO [client_id=n/a] 131236446246592 fxml_schedule_view.py:2921 Buffer layer /model.22/Sigmoid (202)
2026-04-15 23:58:57,167     INFO [client_id=n/a] 131236446246592 fxml_schedule_view.py:2921 Buffer layer /model.22/Sigmoid (202)
2026-04-15 23:58:57,167     INFO [client_id=n/a] 131236446246592 fxml_schedule_view.py:2921 Buffer layer /model.22/Sigmoid (202)
2026-04-15 23:58:57,167     INFO [client_id=n/a] 131236446246592 fxml_schedule_view.py:2921 Buffer layer /model.22/Sigmoid (202)
2026-04-15 23:58:57,168     INFO [client_id=n/a] 131236446246592 fxml_schedule_view.py:2921 Buffer layer /model.22/Sigmoid (202)
2026-04-15 23:58:57,169     INFO [client_id=n/a] 131236446246592 fxml_schedule_view.py:2921 Buffer layer /model.22/Sigmoid (202)
2026-04-15 23:58:57,242     INFO [client_id=n/a] 131236446246592 fxml_schedule_view.py:2921 Buffer layer /model.22/Sigmoid (202)
2026-04-15 23:58:57,242     INFO [client_id=n/a] 131236446246592 fxml_schedule_view.py:2921 Buffer layer /model.22/Sigmoid (202)
2026-04-15 23:58:57,243     INFO [client_id=n/a] 131236446246592 fxml_schedule_view.py:2921 Buffer layer /model.22/Sigmoid (202)
2026-04-15 23:58:57,243     INFO [client_id=n/a] 131236446246592 fxml_schedule_view.py:2921 Buffer layer /model.22/Sigmoid (202)
2026-04-15 23:58:57,244     INFO [client_id=n/a] 131236446246592 fxml_schedule_view.py:2921 Buffer layer /model.22/Sigmoid (202)
2026-04-15 23:58:57,245     INFO [client_id=n/a] 131236446246592 fxml_schedule_view.py:2921 Buffer layer /model.22/Sigmoid (202)
2026-04-15 23:58:57,245     INFO [client_id=n/a] 131236446246592 fxml_schedule_view.py:2921 Buffer layer /model.22/Sigmoid (202)
2026-04-15 23:58:57,246     INFO [client_id=n/a] 131236446246592 fxml_schedule_view.py:2921 Buffer layer /model.22/Sigmoid (202)
2026-04-15 23:58:57,246     INFO [client_id=n/a] 131236446246592 fxml_schedule_view.py:2921 Buffer layer /model.22/Sigmoid (202)
2026-04-15 23:58:57,247     INFO [client_id=n/a] 131236446246592 fxml_schedule_view.py:2921 Buffer layer /model.22/Sigmoid (202)
2026-04-15 23:58:57,247     INFO [client_id=n/a] 131236446246592 fxml_schedule_view.py:2921 Buffer layer /model.22/Sigmoid (202)
2026-04-15 23:58:57,248     INFO [client_id=n/a] 131236446246592 fxml_schedule_view.py:2921 Buffer layer /model.22/Sigmoid (202)
2026-04-15 23:58:57,248     INFO [client_id=n/a] 131236446246592 fxml_schedule_view.py:2921 Buffer layer /model.22/Sigmoid (202)
2026-04-15 23:58:57,249     INFO [client_id=n/a] 131236446246592 fxml_schedule_view.py:2921 Buffer layer /model.22/Sigmoid (202)
2026-04-15 23:58:57,249     INFO [client_id=n/a] 131236446246592 fxml_schedule_view.py:2921 Buffer layer /model.22/Sigmoid (202)
2026-04-15 23:58:57,249     INFO [client_id=n/a] 131236446246592 fxml_schedule_view.py:2921 Buffer layer /model.22/Sigmoid (202)
2026-04-15 23:58:57,250     INFO [client_id=n/a] 131236446246592 fxml_schedule_view.py:2921 Buffer layer /model.22/Sigmoid (202)
2026-04-15 23:58:57,251     INFO [client_id=n/a] 131236446246592 fxml_schedule_view.py:2921 Buffer layer /model.22/Sigmoid (202)
2026-04-15 23:58:57,251     INFO [client_id=n/a] 131236446246592 fxml_schedule_view.py:2921 Buffer layer /model.22/Sigmoid (202)
2026-04-15 23:58:57,251     INFO [client_id=n/a] 131236446246592 fxml_schedule_view.py:2921 Buffer layer /model.22/Sigmoid (202)
2026-04-15 23:58:57,252     INFO [client_id=n/a] 131236446246592 fxml_schedule_view.py:2921 Buffer layer /model.22/Sigmoid (202)
2026-04-15 23:58:57,252     INFO [client_id=n/a] 131236446246592 fxml_schedule_view.py:2921 Buffer layer /model.22/Sigmoid (202)
2026-04-15 23:58:57,253     INFO [client_id=n/a] 131236446246592 fxml_schedule_view.py:2921 Buffer layer /model.22/Sigmoid (202)
2026-04-15 23:58:57,253     INFO [client_id=n/a] 131236446246592 fxml_schedule_view.py:2921 Buffer layer /model.22/Sigmoid (202)
2026-04-15 23:58:57,254     INFO [client_id=n/a] 131236446246592 fxml_schedule_view.py:2921 Buffer layer /model.22/Sigmoid (202)
2026-04-15 23:58:57,254     INFO [client_id=n/a] 131236446246592 fxml_schedule_view.py:2921 Buffer layer /model.22/Sigmoid (202)
2026-04-15 23:58:57,254     INFO [client_id=n/a] 131236446246592 fxml_schedule_view.py:2921 Buffer layer /model.22/Sigmoid (202)
2026-04-15 23:58:57,255     INFO [client_id=n/a] 131236446246592 fxml_schedule_view.py:2921 Buffer layer /model.22/Sigmoid (202)
2026-04-15 23:58:57,256     INFO [client_id=n/a] 131236446246592 fxml_schedule_view.py:2921 Buffer layer /model.22/Sigmoid (202)
2026-04-15 23:58:57,256     INFO [client_id=n/a] 131236446246592 fxml_schedule_view.py:2921 Buffer layer /model.22/Sigmoid (202)
2026-04-15 23:58:57,256     INFO [client_id=n/a] 131236446246592 fxml_schedule_view.py:2921 Buffer layer /model.22/Sigmoid (202)
2026-04-15 23:58:57,257     INFO [client_id=n/a] 131236446246592 fxml_schedule_view.py:2921 Buffer layer /model.22/Sigmoid (202)
2026-04-15 23:58:57,257     INFO [client_id=n/a] 131236446246592 fxml_schedule_view.py:2921 Buffer layer /model.22/Sigmoid (202)
2026-04-15 23:58:57,258     INFO [client_id=n/a] 131236446246592 fxml_schedule_view.py:2921 Buffer layer /model.22/Sigmoid (202)
2026-04-15 23:58:57,258     INFO [client_id=n/a] 131236446246592 fxml_schedule_view.py:2921 Buffer layer /model.22/Sigmoid (202)
2026-04-15 23:58:57,259     INFO [client_id=n/a] 131236446246592 fxml_schedule_view.py:2921 Buffer layer /model.22/Sigmoid (202)
2026-04-15 23:58:57,259     INFO [client_id=n/a] 131236446246592 fxml_schedule_view.py:2921 Buffer layer /model.22/Sigmoid (202)
2026-04-15 23:58:57,259     INFO [client_id=n/a] 131236446246592 fxml_schedule_view.py:2921 Buffer layer /model.22/Sigmoid (202)
2026-04-15 23:58:57,260     INFO [client_id=n/a] 131236446246592 fxml_schedule_view.py:2921 Buffer layer /model.22/Sigmoid (202)
2026-04-15 23:58:57,261     INFO [client_id=n/a] 131236446246592 fxml_schedule_view.py:2921 Buffer layer /model.22/Sigmoid (202)
2026-04-15 23:58:57,261     INFO [client_id=n/a] 131236446246592 fxml_schedule_view.py:2921 Buffer layer /model.22/Sigmoid (202)
2026-04-15 23:58:57,261     INFO [client_id=n/a] 131236446246592 fxml_schedule_view.py:2921 Buffer layer /model.22/Sigmoid (202)
2026-04-15 23:58:57,262     INFO [client_id=n/a] 131236446246592 fxml_schedule_view.py:2921 Buffer layer /model.22/Sigmoid (202)
2026-04-15 23:58:57,263     INFO [client_id=n/a] 131236446246592 fxml_schedule_view.py:2921 Buffer layer /model.22/Sigmoid (202)
2026-04-15 23:58:57,263     INFO [client_id=n/a] 131236446246592 fxml_schedule_view.py:2921 Buffer layer /model.22/Sigmoid (202)
2026-04-15 23:58:57,263     INFO [client_id=n/a] 131236446246592 fxml_schedule_view.py:2921 Buffer layer /model.22/Sigmoid (202)
2026-04-15 23:58:57,264     INFO [client_id=n/a] 131236446246592 fxml_schedule_view.py:2921 Buffer layer /model.22/Sigmoid (202)
2026-04-15 23:58:57,264     INFO [client_id=n/a] 131236446246592 fxml_schedule_view.py:2921 Buffer layer /model.22/Sigmoid (202)
2026-04-15 23:58:57,265     INFO [client_id=n/a] 131236446246592 fxml_schedule_view.py:2921 Buffer layer /model.22/Sigmoid (202)
2026-04-15 23:58:57,266     INFO [client_id=n/a] 131236446246592 fxml_schedule_view.py:2921 Buffer layer /model.22/Sigmoid (202)
2026-04-15 23:58:57,266     INFO [client_id=n/a] 131236446246592 fxml_schedule_view.py:2921 Buffer layer /model.22/Sigmoid (202)
2026-04-15 23:58:57,266     INFO [client_id=n/a] 131236446246592 fxml_schedule_view.py:2921 Buffer layer /model.22/Sigmoid (202)
2026-04-15 23:58:57,267     INFO [client_id=n/a] 131236446246592 fxml_schedule_view.py:2921 Buffer layer /model.22/Sigmoid (202)
2026-04-15 23:58:57,267     INFO [client_id=n/a] 131236446246592 fxml_schedule_view.py:2921 Buffer layer /model.22/Sigmoid (202)
2026-04-15 23:58:57,268     INFO [client_id=n/a] 131236446246592 fxml_schedule_view.py:2921 Buffer layer /model.22/Sigmoid (202)
2026-04-15 23:58:57,268     INFO [client_id=n/a] 131236446246592 fxml_schedule_view.py:2921 Buffer layer /model.22/Sigmoid (202)
2026-04-15 23:58:57,269     INFO [client_id=n/a] 131236446246592 fxml_schedule_view.py:2921 Buffer layer /model.22/Sigmoid (202)
2026-04-15 23:58:57,269     INFO [client_id=n/a] 131236446246592 fxml_schedule_view.py:2921 Buffer layer /model.22/Sigmoid (202)
2026-04-15 23:58:57,270     INFO [client_id=n/a] 131236446246592 fxml_schedule_view.py:2921 Buffer layer /model.22/Sigmoid (202)
2026-04-15 23:58:57,270     INFO [client_id=n/a] 131236446246592 fxml_schedule_view.py:2921 Buffer layer /model.22/Sigmoid (202)
2026-04-15 23:58:57,361     INFO [client_id=n/a] 131236446246592 fxml_schedule_view.py:2921 Buffer layer /model.22/Sigmoid (202)
2026-04-15 23:58:57,362     INFO [client_id=n/a] 131236446246592 fxml_schedule_view.py:2921 Buffer layer /model.22/Sigmoid (202)
2026-04-15 23:58:57,362     INFO [client_id=n/a] 131236446246592 fxml_schedule_view.py:2921 Buffer layer /model.22/Sigmoid (202)
2026-04-15 23:58:57,363     INFO [client_id=n/a] 131236446246592 fxml_schedule_view.py:2921 Buffer layer /model.22/Sigmoid (202)
2026-04-15 23:58:57,363     INFO [client_id=n/a] 131236446246592 fxml_schedule_view.py:2921 Buffer layer /model.22/Sigmoid (202)
2026-04-15 23:58:57,364     INFO [client_id=n/a] 131236446246592 fxml_schedule_view.py:2921 Buffer layer /model.22/Sigmoid (202)
2026-04-15 23:58:57,364     INFO [client_id=n/a] 131236446246592 fxml_schedule_view.py:2921 Buffer layer /model.22/Sigmoid (202)
2026-04-15 23:58:57,365     INFO [client_id=n/a] 131236446246592 fxml_schedule_view.py:2921 Buffer layer /model.22/Sigmoid (202)
2026-04-15 23:58:57,365     INFO [client_id=n/a] 131236446246592 fxml_schedule_view.py:2921 Buffer layer /model.22/Sigmoid (202)
2026-04-15 23:58:57,366     INFO [client_id=n/a] 131236446246592 fxml_schedule_view.py:2921 Buffer layer /model.22/Sigmoid (202)
2026-04-15 23:58:57,366     INFO [client_id=n/a] 131236446246592 fxml_schedule_view.py:2921 Buffer layer /model.22/Sigmoid (202)
2026-04-15 23:58:57,367     INFO [client_id=n/a] 131236446246592 fxml_schedule_view.py:2921 Buffer layer /model.22/Sigmoid (202)
2026-04-15 23:58:57,367     INFO [client_id=n/a] 131236446246592 fxml_schedule_view.py:2921 Buffer layer /model.22/Sigmoid (202)
2026-04-15 23:58:57,368     INFO [client_id=n/a] 131236446246592 fxml_schedule_view.py:2921 Buffer layer /model.22/Sigmoid (202)
2026-04-15 23:58:57,368     INFO [client_id=n/a] 131236446246592 fxml_schedule_view.py:2921 Buffer layer /model.22/Sigmoid (202)
2026-04-15 23:58:57,369     INFO [client_id=n/a] 131236446246592 fxml_schedule_view.py:2921 Buffer layer /model.22/Sigmoid (202)
2026-04-15 23:58:57,370     INFO [client_id=n/a] 131236446246592 fxml_schedule_view.py:2921 Buffer layer /model.22/Sigmoid (202)
2026-04-15 23:58:57,370     INFO [client_id=n/a] 131236446246592 fxml_schedule_view.py:2921 Buffer layer /model.22/Sigmoid (202)
2026-04-15 23:58:57,370     INFO [client_id=n/a] 131236446246592 fxml_schedule_view.py:2921 Buffer layer /model.22/Sigmoid (202)
2026-04-15 23:58:57,371     INFO [client_id=n/a] 131236446246592 fxml_schedule_view.py:2921 Buffer layer /model.22/Sigmoid (202)
2026-04-15 23:58:57,371     INFO [client_id=n/a] 131236446246592 fxml_schedule_view.py:2921 Buffer layer /model.22/Sigmoid (202)
2026-04-15 23:58:57,372     INFO [client_id=n/a] 131236446246592 fxml_schedule_view.py:2921 Buffer layer /model.22/Sigmoid (202)
2026-04-15 23:58:57,372     INFO [client_id=n/a] 131236446246592 fxml_schedule_view.py:2921 Buffer layer /model.22/Sigmoid (202)
2026-04-15 23:59:02,616     INFO [client_id=n/a] 131236446246592 server.py:35 AI Analyzer 1.7.0.dev20260130181427+g301504b8 serving on http://0.0.0.0:8000/dashboard?token=wITeFBl3Zxz27Ozl3M2P7a7UicMNUvNO9SNuODX2dKM (Press CTRL+C to quit)
2026-04-15 23:59:18,532     INFO [client_id=n/a] 135702691092160 json_aie_record_timer.py:318 /model.22/Split_1_Duplicated#1 layer not found
2026-04-15 23:59:18,532     INFO [client_id=n/a] 135702691092160 json_aie_record_timer.py:318 /model.22/Split_1_Duplicated#0 layer not found
2026-04-15 23:59:18,633     INFO [client_id=n/a] 135702691092160 fxml_schedule_view.py:2921 Buffer layer /model.22/Sigmoid (202)
2026-04-15 23:59:18,633     INFO [client_id=n/a] 135702691092160 fxml_schedule_view.py:2921 Buffer layer /model.22/Sigmoid (202)
2026-04-15 23:59:18,634     INFO [client_id=n/a] 135702691092160 fxml_schedule_view.py:2921 Buffer layer /model.22/Sigmoid (202)
2026-04-15 23:59:18,634     INFO [client_id=n/a] 135702691092160 fxml_schedule_view.py:2921 Buffer layer /model.22/Sigmoid (202)
2026-04-15 23:59:18,635     INFO [client_id=n/a] 135702691092160 fxml_schedule_view.py:2921 Buffer layer /model.22/Sigmoid (202)
2026-04-15 23:59:18,635     INFO [client_id=n/a] 135702691092160 fxml_schedule_view.py:2921 Buffer layer /model.22/Sigmoid (202)
2026-04-15 23:59:18,636     INFO [client_id=n/a] 135702691092160 fxml_schedule_view.py:2921 Buffer layer /model.22/Sigmoid (202)
2026-04-15 23:59:18,636     INFO [client_id=n/a] 135702691092160 fxml_schedule_view.py:2921 Buffer layer /model.22/Sigmoid (202)
2026-04-15 23:59:18,637     INFO [client_id=n/a] 135702691092160 fxml_schedule_view.py:2921 Buffer layer /model.22/Sigmoid (202)
2026-04-15 23:59:18,637     INFO [client_id=n/a] 135702691092160 fxml_schedule_view.py:2921 Buffer layer /model.22/Sigmoid (202)
2026-04-15 23:59:18,638     INFO [client_id=n/a] 135702691092160 fxml_schedule_view.py:2921 Buffer layer /model.22/Sigmoid (202)
2026-04-15 23:59:18,638     INFO [client_id=n/a] 135702691092160 fxml_schedule_view.py:2921 Buffer layer /model.22/Sigmoid (202)
2026-04-15 23:59:18,639     INFO [client_id=n/a] 135702691092160 fxml_schedule_view.py:2921 Buffer layer /model.22/Sigmoid (202)
2026-04-15 23:59:18,639     INFO [client_id=n/a] 135702691092160 fxml_schedule_view.py:2921 Buffer layer /model.22/Sigmoid (202)
2026-04-15 23:59:18,640     INFO [client_id=n/a] 135702691092160 fxml_schedule_view.py:2921 Buffer layer /model.22/Sigmoid (202)
2026-04-15 23:59:18,715     INFO [client_id=n/a] 135702691092160 fxml_schedule_view.py:2921 Buffer layer /model.22/Sigmoid (202)
2026-04-15 23:59:18,716     INFO [client_id=n/a] 135702691092160 fxml_schedule_view.py:2921 Buffer layer /model.22/Sigmoid (202)
2026-04-15 23:59:18,716     INFO [client_id=n/a] 135702691092160 fxml_schedule_view.py:2921 Buffer layer /model.22/Sigmoid (202)
2026-04-15 23:59:18,717     INFO [client_id=n/a] 135702691092160 fxml_schedule_view.py:2921 Buffer layer /model.22/Sigmoid (202)
2026-04-15 23:59:18,717     INFO [client_id=n/a] 135702691092160 fxml_schedule_view.py:2921 Buffer layer /model.22/Sigmoid (202)
2026-04-15 23:59:18,718     INFO [client_id=n/a] 135702691092160 fxml_schedule_view.py:2921 Buffer layer /model.22/Sigmoid (202)
2026-04-15 23:59:18,719     INFO [client_id=n/a] 135702691092160 fxml_schedule_view.py:2921 Buffer layer /model.22/Sigmoid (202)
2026-04-15 23:59:18,719     INFO [client_id=n/a] 135702691092160 fxml_schedule_view.py:2921 Buffer layer /model.22/Sigmoid (202)
2026-04-15 23:59:18,720     INFO [client_id=n/a] 135702691092160 fxml_schedule_view.py:2921 Buffer layer /model.22/Sigmoid (202)
2026-04-15 23:59:18,720     INFO [client_id=n/a] 135702691092160 fxml_schedule_view.py:2921 Buffer layer /model.22/Sigmoid (202)
2026-04-15 23:59:18,720     INFO [client_id=n/a] 135702691092160 fxml_schedule_view.py:2921 Buffer layer /model.22/Sigmoid (202)
2026-04-15 23:59:18,721     INFO [client_id=n/a] 135702691092160 fxml_schedule_view.py:2921 Buffer layer /model.22/Sigmoid (202)
2026-04-15 23:59:18,722     INFO [client_id=n/a] 135702691092160 fxml_schedule_view.py:2921 Buffer layer /model.22/Sigmoid (202)
2026-04-15 23:59:18,722     INFO [client_id=n/a] 135702691092160 fxml_schedule_view.py:2921 Buffer layer /model.22/Sigmoid (202)
2026-04-15 23:59:18,722     INFO [client_id=n/a] 135702691092160 fxml_schedule_view.py:2921 Buffer layer /model.22/Sigmoid (202)
2026-04-15 23:59:18,723     INFO [client_id=n/a] 135702691092160 fxml_schedule_view.py:2921 Buffer layer /model.22/Sigmoid (202)
2026-04-15 23:59:18,724     INFO [client_id=n/a] 135702691092160 fxml_schedule_view.py:2921 Buffer layer /model.22/Sigmoid (202)
2026-04-15 23:59:18,724     INFO [client_id=n/a] 135702691092160 fxml_schedule_view.py:2921 Buffer layer /model.22/Sigmoid (202)
2026-04-15 23:59:18,724     INFO [client_id=n/a] 135702691092160 fxml_schedule_view.py:2921 Buffer layer /model.22/Sigmoid (202)
2026-04-15 23:59:18,725     INFO [client_id=n/a] 135702691092160 fxml_schedule_view.py:2921 Buffer layer /model.22/Sigmoid (202)
2026-04-15 23:59:18,725     INFO [client_id=n/a] 135702691092160 fxml_schedule_view.py:2921 Buffer layer /model.22/Sigmoid (202)
2026-04-15 23:59:18,726     INFO [client_id=n/a] 135702691092160 fxml_schedule_view.py:2921 Buffer layer /model.22/Sigmoid (202)
2026-04-15 23:59:18,726     INFO [client_id=n/a] 135702691092160 fxml_schedule_view.py:2921 Buffer layer /model.22/Sigmoid (202)
2026-04-15 23:59:18,727     INFO [client_id=n/a] 135702691092160 fxml_schedule_view.py:2921 Buffer layer /model.22/Sigmoid (202)
2026-04-15 23:59:18,727     INFO [client_id=n/a] 135702691092160 fxml_schedule_view.py:2921 Buffer layer /model.22/Sigmoid (202)
2026-04-15 23:59:18,728     INFO [client_id=n/a] 135702691092160 fxml_schedule_view.py:2921 Buffer layer /model.22/Sigmoid (202)
2026-04-15 23:59:18,728     INFO [client_id=n/a] 135702691092160 fxml_schedule_view.py:2921 Buffer layer /model.22/Sigmoid (202)
2026-04-15 23:59:18,729     INFO [client_id=n/a] 135702691092160 fxml_schedule_view.py:2921 Buffer layer /model.22/Sigmoid (202)
2026-04-15 23:59:18,729     INFO [client_id=n/a] 135702691092160 fxml_schedule_view.py:2921 Buffer layer /model.22/Sigmoid (202)
2026-04-15 23:59:18,729     INFO [client_id=n/a] 135702691092160 fxml_schedule_view.py:2921 Buffer layer /model.22/Sigmoid (202)
2026-04-15 23:59:18,730     INFO [client_id=n/a] 135702691092160 fxml_schedule_view.py:2921 Buffer layer /model.22/Sigmoid (202)
2026-04-15 23:59:18,730     INFO [client_id=n/a] 135702691092160 fxml_schedule_view.py:2921 Buffer layer /model.22/Sigmoid (202)
2026-04-15 23:59:18,731     INFO [client_id=n/a] 135702691092160 fxml_schedule_view.py:2921 Buffer layer /model.22/Sigmoid (202)
2026-04-15 23:59:18,731     INFO [client_id=n/a] 135702691092160 fxml_schedule_view.py:2921 Buffer layer /model.22/Sigmoid (202)
2026-04-15 23:59:18,732     INFO [client_id=n/a] 135702691092160 fxml_schedule_view.py:2921 Buffer layer /model.22/Sigmoid (202)
2026-04-15 23:59:18,732     INFO [client_id=n/a] 135702691092160 fxml_schedule_view.py:2921 Buffer layer /model.22/Sigmoid (202)
2026-04-15 23:59:18,733     INFO [client_id=n/a] 135702691092160 fxml_schedule_view.py:2921 Buffer layer /model.22/Sigmoid (202)
2026-04-15 23:59:18,733     INFO [client_id=n/a] 135702691092160 fxml_schedule_view.py:2921 Buffer layer /model.22/Sigmoid (202)
2026-04-15 23:59:18,734     INFO [client_id=n/a] 135702691092160 fxml_schedule_view.py:2921 Buffer layer /model.22/Sigmoid (202)
2026-04-15 23:59:18,735     INFO [client_id=n/a] 135702691092160 fxml_schedule_view.py:2921 Buffer layer /model.22/Sigmoid (202)
2026-04-15 23:59:18,735     INFO [client_id=n/a] 135702691092160 fxml_schedule_view.py:2921 Buffer layer /model.22/Sigmoid (202)
2026-04-15 23:59:18,736     INFO [client_id=n/a] 135702691092160 fxml_schedule_view.py:2921 Buffer layer /model.22/Sigmoid (202)
2026-04-15 23:59:18,736     INFO [client_id=n/a] 135702691092160 fxml_schedule_view.py:2921 Buffer layer /model.22/Sigmoid (202)
2026-04-15 23:59:18,737     INFO [client_id=n/a] 135702691092160 fxml_schedule_view.py:2921 Buffer layer /model.22/Sigmoid (202)
2026-04-15 23:59:18,737     INFO [client_id=n/a] 135702691092160 fxml_schedule_view.py:2921 Buffer layer /model.22/Sigmoid (202)
2026-04-15 23:59:18,738     INFO [client_id=n/a] 135702691092160 fxml_schedule_view.py:2921 Buffer layer /model.22/Sigmoid (202)
2026-04-15 23:59:18,738     INFO [client_id=n/a] 135702691092160 fxml_schedule_view.py:2921 Buffer layer /model.22/Sigmoid (202)
2026-04-15 23:59:18,739     INFO [client_id=n/a] 135702691092160 fxml_schedule_view.py:2921 Buffer layer /model.22/Sigmoid (202)
2026-04-15 23:59:18,739     INFO [client_id=n/a] 135702691092160 fxml_schedule_view.py:2921 Buffer layer /model.22/Sigmoid (202)
2026-04-15 23:59:18,740     INFO [client_id=n/a] 135702691092160 fxml_schedule_view.py:2921 Buffer layer /model.22/Sigmoid (202)
2026-04-15 23:59:18,741     INFO [client_id=n/a] 135702691092160 fxml_schedule_view.py:2921 Buffer layer /model.22/Sigmoid (202)
2026-04-15 23:59:18,741     INFO [client_id=n/a] 135702691092160 fxml_schedule_view.py:2921 Buffer layer /model.22/Sigmoid (202)
2026-04-15 23:59:18,742     INFO [client_id=n/a] 135702691092160 fxml_schedule_view.py:2921 Buffer layer /model.22/Sigmoid (202)
2026-04-15 23:59:18,742     INFO [client_id=n/a] 135702691092160 fxml_schedule_view.py:2921 Buffer layer /model.22/Sigmoid (202)
2026-04-15 23:59:18,743     INFO [client_id=n/a] 135702691092160 fxml_schedule_view.py:2921 Buffer layer /model.22/Sigmoid (202)
2026-04-15 23:59:18,743     INFO [client_id=n/a] 135702691092160 fxml_schedule_view.py:2921 Buffer layer /model.22/Sigmoid (202)
2026-04-15 23:59:18,744     INFO [client_id=n/a] 135702691092160 fxml_schedule_view.py:2921 Buffer layer /model.22/Sigmoid (202)
2026-04-15 23:59:18,744     INFO [client_id=n/a] 135702691092160 fxml_schedule_view.py:2921 Buffer layer /model.22/Sigmoid (202)
2026-04-15 23:59:18,745     INFO [client_id=n/a] 135702691092160 fxml_schedule_view.py:2921 Buffer layer /model.22/Sigmoid (202)
2026-04-15 23:59:18,745     INFO [client_id=n/a] 135702691092160 fxml_schedule_view.py:2921 Buffer layer /model.22/Sigmoid (202)
2026-04-15 23:59:18,852     INFO [client_id=n/a] 135702691092160 fxml_schedule_view.py:2921 Buffer layer /model.22/Sigmoid (202)
2026-04-15 23:59:18,852     INFO [client_id=n/a] 135702691092160 fxml_schedule_view.py:2921 Buffer layer /model.22/Sigmoid (202)
2026-04-15 23:59:18,853     INFO [client_id=n/a] 135702691092160 fxml_schedule_view.py:2921 Buffer layer /model.22/Sigmoid (202)
2026-04-15 23:59:18,853     INFO [client_id=n/a] 135702691092160 fxml_schedule_view.py:2921 Buffer layer /model.22/Sigmoid (202)
2026-04-15 23:59:18,854     INFO [client_id=n/a] 135702691092160 fxml_schedule_view.py:2921 Buffer layer /model.22/Sigmoid (202)
2026-04-15 23:59:18,855     INFO [client_id=n/a] 135702691092160 fxml_schedule_view.py:2921 Buffer layer /model.22/Sigmoid (202)
2026-04-15 23:59:18,855     INFO [client_id=n/a] 135702691092160 fxml_schedule_view.py:2921 Buffer layer /model.22/Sigmoid (202)
2026-04-15 23:59:18,856     INFO [client_id=n/a] 135702691092160 fxml_schedule_view.py:2921 Buffer layer /model.22/Sigmoid (202)
2026-04-15 23:59:18,856     INFO [client_id=n/a] 135702691092160 fxml_schedule_view.py:2921 Buffer layer /model.22/Sigmoid (202)
2026-04-15 23:59:18,857     INFO [client_id=n/a] 135702691092160 fxml_schedule_view.py:2921 Buffer layer /model.22/Sigmoid (202)
2026-04-15 23:59:18,857     INFO [client_id=n/a] 135702691092160 fxml_schedule_view.py:2921 Buffer layer /model.22/Sigmoid (202)
2026-04-15 23:59:18,858     INFO [client_id=n/a] 135702691092160 fxml_schedule_view.py:2921 Buffer layer /model.22/Sigmoid (202)
2026-04-15 23:59:18,859     INFO [client_id=n/a] 135702691092160 fxml_schedule_view.py:2921 Buffer layer /model.22/Sigmoid (202)
2026-04-15 23:59:18,859     INFO [client_id=n/a] 135702691092160 fxml_schedule_view.py:2921 Buffer layer /model.22/Sigmoid (202)
2026-04-15 23:59:18,860     INFO [client_id=n/a] 135702691092160 fxml_schedule_view.py:2921 Buffer layer /model.22/Sigmoid (202)
2026-04-15 23:59:18,860     INFO [client_id=n/a] 135702691092160 fxml_schedule_view.py:2921 Buffer layer /model.22/Sigmoid (202)
2026-04-15 23:59:18,861     INFO [client_id=n/a] 135702691092160 fxml_schedule_view.py:2921 Buffer layer /model.22/Sigmoid (202)
2026-04-15 23:59:18,861     INFO [client_id=n/a] 135702691092160 fxml_schedule_view.py:2921 Buffer layer /model.22/Sigmoid (202)
2026-04-15 23:59:18,862     INFO [client_id=n/a] 135702691092160 fxml_schedule_view.py:2921 Buffer layer /model.22/Sigmoid (202)
2026-04-15 23:59:18,862     INFO [client_id=n/a] 135702691092160 fxml_schedule_view.py:2921 Buffer layer /model.22/Sigmoid (202)
2026-04-15 23:59:18,863     INFO [client_id=n/a] 135702691092160 fxml_schedule_view.py:2921 Buffer layer /model.22/Sigmoid (202)
2026-04-15 23:59:18,863     INFO [client_id=n/a] 135702691092160 fxml_schedule_view.py:2921 Buffer layer /model.22/Sigmoid (202)
2026-04-15 23:59:18,864     INFO [client_id=n/a] 135702691092160 fxml_schedule_view.py:2921 Buffer layer /model.22/Sigmoid (202)
2026-04-15 23:59:23,871     INFO [client_id=n/a] 135702358521536 server.py:35 AI Analyzer 1.7.0.dev20260130181427+g301504b8 serving on http://localhost:8000/dashboard?token=bS9BL7txTijywYqIBVbaReeBkzI2yiTYDf5PZSo20Y (Press CTRL+C to quit)
2026-04-15 23:59:26,873     INFO [client_id=n/a] 135702691092160 browser.py:30 Opening http://localhost:8000/dashboard?token=bS9BL7txTijywYqIBVbaReeBkzI2yiTYDf5PZSo20Y in the default web browser...
2026-04-16 00:00:58,715     INFO [client_id=n/a] 129599305586368 json_aie_record_timer.py:318 /model.22/Split_1_Duplicated#1 layer not found
2026-04-16 00:00:58,716     INFO [client_id=n/a] 129599305586368 json_aie_record_timer.py:318 /model.22/Split_1_Duplicated#0 layer not found
2026-04-16 00:00:58,818     INFO [client_id=n/a] 129599305586368 fxml_schedule_view.py:2921 Buffer layer /model.22/Sigmoid (202)
2026-04-16 00:00:58,819     INFO [client_id=n/a] 129599305586368 fxml_schedule_view.py:2921 Buffer layer /model.22/Sigmoid (202)
2026-04-16 00:00:58,819     INFO [client_id=n/a] 129599305586368 fxml_schedule_view.py:2921 Buffer layer /model.22/Sigmoid (202)
2026-04-16 00:00:58,820     INFO [client_id=n/a] 129599305586368 fxml_schedule_view.py:2921 Buffer layer /model.22/Sigmoid (202)
2026-04-16 00:00:58,820     INFO [client_id=n/a] 129599305586368 fxml_schedule_view.py:2921 Buffer layer /model.22/Sigmoid (202)
2026-04-16 00:00:58,821     INFO [client_id=n/a] 129599305586368 fxml_schedule_view.py:2921 Buffer layer /model.22/Sigmoid (202)
2026-04-16 00:00:58,821     INFO [client_id=n/a] 129599305586368 fxml_schedule_view.py:2921 Buffer layer /model.22/Sigmoid (202)
2026-04-16 00:00:58,822     INFO [client_id=n/a] 129599305586368 fxml_schedule_view.py:2921 Buffer layer /model.22/Sigmoid (202)
2026-04-16 00:00:58,822     INFO [client_id=n/a] 129599305586368 fxml_schedule_view.py:2921 Buffer layer /model.22/Sigmoid (202)
2026-04-16 00:00:58,823     INFO [client_id=n/a] 129599305586368 fxml_schedule_view.py:2921 Buffer layer /model.22/Sigmoid (202)
2026-04-16 00:00:58,823     INFO [client_id=n/a] 129599305586368 fxml_schedule_view.py:2921 Buffer layer /model.22/Sigmoid (202)
2026-04-16 00:00:58,824     INFO [client_id=n/a] 129599305586368 fxml_schedule_view.py:2921 Buffer layer /model.22/Sigmoid (202)
2026-04-16 00:00:58,824     INFO [client_id=n/a] 129599305586368 fxml_schedule_view.py:2921 Buffer layer /model.22/Sigmoid (202)
2026-04-16 00:00:58,824     INFO [client_id=n/a] 129599305586368 fxml_schedule_view.py:2921 Buffer layer /model.22/Sigmoid (202)
2026-04-16 00:00:58,825     INFO [client_id=n/a] 129599305586368 fxml_schedule_view.py:2921 Buffer layer /model.22/Sigmoid (202)
2026-04-16 00:00:58,900     INFO [client_id=n/a] 129599305586368 fxml_schedule_view.py:2921 Buffer layer /model.22/Sigmoid (202)
2026-04-16 00:00:58,901     INFO [client_id=n/a] 129599305586368 fxml_schedule_view.py:2921 Buffer layer /model.22/Sigmoid (202)
2026-04-16 00:00:58,901     INFO [client_id=n/a] 129599305586368 fxml_schedule_view.py:2921 Buffer layer /model.22/Sigmoid (202)
2026-04-16 00:00:58,902     INFO [client_id=n/a] 129599305586368 fxml_schedule_view.py:2921 Buffer layer /model.22/Sigmoid (202)
2026-04-16 00:00:58,902     INFO [client_id=n/a] 129599305586368 fxml_schedule_view.py:2921 Buffer layer /model.22/Sigmoid (202)
2026-04-16 00:00:58,903     INFO [client_id=n/a] 129599305586368 fxml_schedule_view.py:2921 Buffer layer /model.22/Sigmoid (202)
2026-04-16 00:00:58,904     INFO [client_id=n/a] 129599305586368 fxml_schedule_view.py:2921 Buffer layer /model.22/Sigmoid (202)
2026-04-16 00:00:58,904     INFO [client_id=n/a] 129599305586368 fxml_schedule_view.py:2921 Buffer layer /model.22/Sigmoid (202)
2026-04-16 00:00:58,904     INFO [client_id=n/a] 129599305586368 fxml_schedule_view.py:2921 Buffer layer /model.22/Sigmoid (202)
2026-04-16 00:00:58,905     INFO [client_id=n/a] 129599305586368 fxml_schedule_view.py:2921 Buffer layer /model.22/Sigmoid (202)
2026-04-16 00:00:58,905     INFO [client_id=n/a] 129599305586368 fxml_schedule_view.py:2921 Buffer layer /model.22/Sigmoid (202)
2026-04-16 00:00:58,906     INFO [client_id=n/a] 129599305586368 fxml_schedule_view.py:2921 Buffer layer /model.22/Sigmoid (202)
2026-04-16 00:00:58,906     INFO [client_id=n/a] 129599305586368 fxml_schedule_view.py:2921 Buffer layer /model.22/Sigmoid (202)
2026-04-16 00:00:58,907     INFO [client_id=n/a] 129599305586368 fxml_schedule_view.py:2921 Buffer layer /model.22/Sigmoid (202)
2026-04-16 00:00:58,907     INFO [client_id=n/a] 129599305586368 fxml_schedule_view.py:2921 Buffer layer /model.22/Sigmoid (202)
2026-04-16 00:00:58,908     INFO [client_id=n/a] 129599305586368 fxml_schedule_view.py:2921 Buffer layer /model.22/Sigmoid (202)
2026-04-16 00:00:58,908     INFO [client_id=n/a] 129599305586368 fxml_schedule_view.py:2921 Buffer layer /model.22/Sigmoid (202)
2026-04-16 00:00:58,909     INFO [client_id=n/a] 129599305586368 fxml_schedule_view.py:2921 Buffer layer /model.22/Sigmoid (202)
2026-04-16 00:00:58,909     INFO [client_id=n/a] 129599305586368 fxml_schedule_view.py:2921 Buffer layer /model.22/Sigmoid (202)
2026-04-16 00:00:58,910     INFO [client_id=n/a] 129599305586368 fxml_schedule_view.py:2921 Buffer layer /model.22/Sigmoid (202)
2026-04-16 00:00:58,910     INFO [client_id=n/a] 129599305586368 fxml_schedule_view.py:2921 Buffer layer /model.22/Sigmoid (202)
2026-04-16 00:00:58,910     INFO [client_id=n/a] 129599305586368 fxml_schedule_view.py:2921 Buffer layer /model.22/Sigmoid (202)
2026-04-16 00:00:58,911     INFO [client_id=n/a] 129599305586368 fxml_schedule_view.py:2921 Buffer layer /model.22/Sigmoid (202)
2026-04-16 00:00:58,912     INFO [client_id=n/a] 129599305586368 fxml_schedule_view.py:2921 Buffer layer /model.22/Sigmoid (202)
2026-04-16 00:00:58,912     INFO [client_id=n/a] 129599305586368 fxml_schedule_view.py:2921 Buffer layer /model.22/Sigmoid (202)
2026-04-16 00:00:58,912     INFO [client_id=n/a] 129599305586368 fxml_schedule_view.py:2921 Buffer layer /model.22/Sigmoid (202)
2026-04-16 00:00:58,913     INFO [client_id=n/a] 129599305586368 fxml_schedule_view.py:2921 Buffer layer /model.22/Sigmoid (202)
2026-04-16 00:00:58,914     INFO [client_id=n/a] 129599305586368 fxml_schedule_view.py:2921 Buffer layer /model.22/Sigmoid (202)
2026-04-16 00:00:58,914     INFO [client_id=n/a] 129599305586368 fxml_schedule_view.py:2921 Buffer layer /model.22/Sigmoid (202)
2026-04-16 00:00:58,914     INFO [client_id=n/a] 129599305586368 fxml_schedule_view.py:2921 Buffer layer /model.22/Sigmoid (202)
2026-04-16 00:00:58,915     INFO [client_id=n/a] 129599305586368 fxml_schedule_view.py:2921 Buffer layer /model.22/Sigmoid (202)
2026-04-16 00:00:58,915     INFO [client_id=n/a] 129599305586368 fxml_schedule_view.py:2921 Buffer layer /model.22/Sigmoid (202)
2026-04-16 00:00:58,916     INFO [client_id=n/a] 129599305586368 fxml_schedule_view.py:2921 Buffer layer /model.22/Sigmoid (202)
2026-04-16 00:00:58,916     INFO [client_id=n/a] 129599305586368 fxml_schedule_view.py:2921 Buffer layer /model.22/Sigmoid (202)
2026-04-16 00:00:58,917     INFO [client_id=n/a] 129599305586368 fxml_schedule_view.py:2921 Buffer layer /model.22/Sigmoid (202)
2026-04-16 00:00:58,917     INFO [client_id=n/a] 129599305586368 fxml_schedule_view.py:2921 Buffer layer /model.22/Sigmoid (202)
2026-04-16 00:00:58,918     INFO [client_id=n/a] 129599305586368 fxml_schedule_view.py:2921 Buffer layer /model.22/Sigmoid (202)
2026-04-16 00:00:58,918     INFO [client_id=n/a] 129599305586368 fxml_schedule_view.py:2921 Buffer layer /model.22/Sigmoid (202)
2026-04-16 00:00:58,919     INFO [client_id=n/a] 129599305586368 fxml_schedule_view.py:2921 Buffer layer /model.22/Sigmoid (202)
2026-04-16 00:00:58,919     INFO [client_id=n/a] 129599305586368 fxml_schedule_view.py:2921 Buffer layer /model.22/Sigmoid (202)
2026-04-16 00:00:58,920     INFO [client_id=n/a] 129599305586368 fxml_schedule_view.py:2921 Buffer layer /model.22/Sigmoid (202)
2026-04-16 00:00:58,920     INFO [client_id=n/a] 129599305586368 fxml_schedule_view.py:2921 Buffer layer /model.22/Sigmoid (202)
2026-04-16 00:00:58,920     INFO [client_id=n/a] 129599305586368 fxml_schedule_view.py:2921 Buffer layer /model.22/Sigmoid (202)
2026-04-16 00:00:58,921     INFO [client_id=n/a] 129599305586368 fxml_schedule_view.py:2921 Buffer layer /model.22/Sigmoid (202)
2026-04-16 00:00:58,922     INFO [client_id=n/a] 129599305586368 fxml_schedule_view.py:2921 Buffer layer /model.22/Sigmoid (202)
2026-04-16 00:00:58,922     INFO [client_id=n/a] 129599305586368 fxml_schedule_view.py:2921 Buffer layer /model.22/Sigmoid (202)
2026-04-16 00:00:58,922     INFO [client_id=n/a] 129599305586368 fxml_schedule_view.py:2921 Buffer layer /model.22/Sigmoid (202)
2026-04-16 00:00:58,923     INFO [client_id=n/a] 129599305586368 fxml_schedule_view.py:2921 Buffer layer /model.22/Sigmoid (202)
2026-04-16 00:00:58,923     INFO [client_id=n/a] 129599305586368 fxml_schedule_view.py:2921 Buffer layer /model.22/Sigmoid (202)
2026-04-16 00:00:58,924     INFO [client_id=n/a] 129599305586368 fxml_schedule_view.py:2921 Buffer layer /model.22/Sigmoid (202)
2026-04-16 00:00:58,924     INFO [client_id=n/a] 129599305586368 fxml_schedule_view.py:2921 Buffer layer /model.22/Sigmoid (202)
2026-04-16 00:00:58,925     INFO [client_id=n/a] 129599305586368 fxml_schedule_view.py:2921 Buffer layer /model.22/Sigmoid (202)
2026-04-16 00:00:58,925     INFO [client_id=n/a] 129599305586368 fxml_schedule_view.py:2921 Buffer layer /model.22/Sigmoid (202)
2026-04-16 00:00:58,926     INFO [client_id=n/a] 129599305586368 fxml_schedule_view.py:2921 Buffer layer /model.22/Sigmoid (202)
2026-04-16 00:00:58,926     INFO [client_id=n/a] 129599305586368 fxml_schedule_view.py:2921 Buffer layer /model.22/Sigmoid (202)
2026-04-16 00:00:58,927     INFO [client_id=n/a] 129599305586368 fxml_schedule_view.py:2921 Buffer layer /model.22/Sigmoid (202)
2026-04-16 00:00:58,927     INFO [client_id=n/a] 129599305586368 fxml_schedule_view.py:2921 Buffer layer /model.22/Sigmoid (202)
2026-04-16 00:00:58,928     INFO [client_id=n/a] 129599305586368 fxml_schedule_view.py:2921 Buffer layer /model.22/Sigmoid (202)
2026-04-16 00:00:58,928     INFO [client_id=n/a] 129599305586368 fxml_schedule_view.py:2921 Buffer layer /model.22/Sigmoid (202)
2026-04-16 00:00:58,929     INFO [client_id=n/a] 129599305586368 fxml_schedule_view.py:2921 Buffer layer /model.22/Sigmoid (202)
2026-04-16 00:00:59,023     INFO [client_id=n/a] 129599305586368 fxml_schedule_view.py:2921 Buffer layer /model.22/Sigmoid (202)
2026-04-16 00:00:59,023     INFO [client_id=n/a] 129599305586368 fxml_schedule_view.py:2921 Buffer layer /model.22/Sigmoid (202)
2026-04-16 00:00:59,024     INFO [client_id=n/a] 129599305586368 fxml_schedule_view.py:2921 Buffer layer /model.22/Sigmoid (202)
2026-04-16 00:00:59,024     INFO [client_id=n/a] 129599305586368 fxml_schedule_view.py:2921 Buffer layer /model.22/Sigmoid (202)
2026-04-16 00:00:59,025     INFO [client_id=n/a] 129599305586368 fxml_schedule_view.py:2921 Buffer layer /model.22/Sigmoid (202)
2026-04-16 00:00:59,026     INFO [client_id=n/a] 129599305586368 fxml_schedule_view.py:2921 Buffer layer /model.22/Sigmoid (202)
2026-04-16 00:00:59,026     INFO [client_id=n/a] 129599305586368 fxml_schedule_view.py:2921 Buffer layer /model.22/Sigmoid (202)
2026-04-16 00:00:59,026     INFO [client_id=n/a] 129599305586368 fxml_schedule_view.py:2921 Buffer layer /model.22/Sigmoid (202)
2026-04-16 00:00:59,027     INFO [client_id=n/a] 129599305586368 fxml_schedule_view.py:2921 Buffer layer /model.22/Sigmoid (202)
2026-04-16 00:00:59,027     INFO [client_id=n/a] 129599305586368 fxml_schedule_view.py:2921 Buffer layer /model.22/Sigmoid (202)
2026-04-16 00:00:59,028     INFO [client_id=n/a] 129599305586368 fxml_schedule_view.py:2921 Buffer layer /model.22/Sigmoid (202)
2026-04-16 00:00:59,028     INFO [client_id=n/a] 129599305586368 fxml_schedule_view.py:2921 Buffer layer /model.22/Sigmoid (202)
2026-04-16 00:00:59,029     INFO [client_id=n/a] 129599305586368 fxml_schedule_view.py:2921 Buffer layer /model.22/Sigmoid (202)
2026-04-16 00:00:59,029     INFO [client_id=n/a] 129599305586368 fxml_schedule_view.py:2921 Buffer layer /model.22/Sigmoid (202)
2026-04-16 00:00:59,030     INFO [client_id=n/a] 129599305586368 fxml_schedule_view.py:2921 Buffer layer /model.22/Sigmoid (202)
2026-04-16 00:00:59,030     INFO [client_id=n/a] 129599305586368 fxml_schedule_view.py:2921 Buffer layer /model.22/Sigmoid (202)
2026-04-16 00:00:59,031     INFO [client_id=n/a] 129599305586368 fxml_schedule_view.py:2921 Buffer layer /model.22/Sigmoid (202)
2026-04-16 00:00:59,031     INFO [client_id=n/a] 129599305586368 fxml_schedule_view.py:2921 Buffer layer /model.22/Sigmoid (202)
2026-04-16 00:00:59,032     INFO [client_id=n/a] 129599305586368 fxml_schedule_view.py:2921 Buffer layer /model.22/Sigmoid (202)
2026-04-16 00:00:59,032     INFO [client_id=n/a] 129599305586368 fxml_schedule_view.py:2921 Buffer layer /model.22/Sigmoid (202)
2026-04-16 00:00:59,032     INFO [client_id=n/a] 129599305586368 fxml_schedule_view.py:2921 Buffer layer /model.22/Sigmoid (202)
2026-04-16 00:00:59,033     INFO [client_id=n/a] 129599305586368 fxml_schedule_view.py:2921 Buffer layer /model.22/Sigmoid (202)
2026-04-16 00:00:59,034     INFO [client_id=n/a] 129599305586368 fxml_schedule_view.py:2921 Buffer layer /model.22/Sigmoid (202)
2026-04-16 00:01:04,296     INFO [client_id=n/a] 129598906951360 server.py:35 AI Analyzer 1.7.0.dev20260130181427+g301504b8 serving on http://0.0.0.0:8000/dashboard?token=zWv5YKRW24Xp5pwl8PfTW6lW1E4oqNdQheq3BwW1mhA (Press CTRL+C to quit)
2026-04-16 00:01:07,298     INFO [client_id=n/a] 129599305586368 browser.py:30 Opening http://localhost:8000/dashboard?token=zWv5YKRW24Xp5pwl8PfTW6lW1E4oqNdQheq3BwW1mhA in the default web browser...
2026-04-16 00:05:06,817     INFO [client_id=n/a] 127675102566080 json_aie_record_timer.py:318 /model.22/Split_1_Duplicated#1 layer not found
2026-04-16 00:05:06,817     INFO [client_id=n/a] 127675102566080 json_aie_record_timer.py:318 /model.22/Split_1_Duplicated#0 layer not found
2026-04-16 00:05:06,918     INFO [client_id=n/a] 127675102566080 fxml_schedule_view.py:2921 Buffer layer /model.22/Sigmoid (202)
2026-04-16 00:05:06,919     INFO [client_id=n/a] 127675102566080 fxml_schedule_view.py:2921 Buffer layer /model.22/Sigmoid (202)
2026-04-16 00:05:06,919     INFO [client_id=n/a] 127675102566080 fxml_schedule_view.py:2921 Buffer layer /model.22/Sigmoid (202)
2026-04-16 00:05:06,920     INFO [client_id=n/a] 127675102566080 fxml_schedule_view.py:2921 Buffer layer /model.22/Sigmoid (202)
2026-04-16 00:05:06,920     INFO [client_id=n/a] 127675102566080 fxml_schedule_view.py:2921 Buffer layer /model.22/Sigmoid (202)
2026-04-16 00:05:06,921     INFO [client_id=n/a] 127675102566080 fxml_schedule_view.py:2921 Buffer layer /model.22/Sigmoid (202)
2026-04-16 00:05:06,921     INFO [client_id=n/a] 127675102566080 fxml_schedule_view.py:2921 Buffer layer /model.22/Sigmoid (202)
2026-04-16 00:05:06,922     INFO [client_id=n/a] 127675102566080 fxml_schedule_view.py:2921 Buffer layer /model.22/Sigmoid (202)
2026-04-16 00:05:06,922     INFO [client_id=n/a] 127675102566080 fxml_schedule_view.py:2921 Buffer layer /model.22/Sigmoid (202)
2026-04-16 00:05:06,923     INFO [client_id=n/a] 127675102566080 fxml_schedule_view.py:2921 Buffer layer /model.22/Sigmoid (202)
2026-04-16 00:05:06,923     INFO [client_id=n/a] 127675102566080 fxml_schedule_view.py:2921 Buffer layer /model.22/Sigmoid (202)
2026-04-16 00:05:06,924     INFO [client_id=n/a] 127675102566080 fxml_schedule_view.py:2921 Buffer layer /model.22/Sigmoid (202)
2026-04-16 00:05:06,924     INFO [client_id=n/a] 127675102566080 fxml_schedule_view.py:2921 Buffer layer /model.22/Sigmoid (202)
2026-04-16 00:05:06,924     INFO [client_id=n/a] 127675102566080 fxml_schedule_view.py:2921 Buffer layer /model.22/Sigmoid (202)
2026-04-16 00:05:06,925     INFO [client_id=n/a] 127675102566080 fxml_schedule_view.py:2921 Buffer layer /model.22/Sigmoid (202)
2026-04-16 00:05:07,001     INFO [client_id=n/a] 127675102566080 fxml_schedule_view.py:2921 Buffer layer /model.22/Sigmoid (202)
2026-04-16 00:05:07,002     INFO [client_id=n/a] 127675102566080 fxml_schedule_view.py:2921 Buffer layer /model.22/Sigmoid (202)
2026-04-16 00:05:07,002     INFO [client_id=n/a] 127675102566080 fxml_schedule_view.py:2921 Buffer layer /model.22/Sigmoid (202)
2026-04-16 00:05:07,003     INFO [client_id=n/a] 127675102566080 fxml_schedule_view.py:2921 Buffer layer /model.22/Sigmoid (202)
2026-04-16 00:05:07,003     INFO [client_id=n/a] 127675102566080 fxml_schedule_view.py:2921 Buffer layer /model.22/Sigmoid (202)
2026-04-16 00:05:07,004     INFO [client_id=n/a] 127675102566080 fxml_schedule_view.py:2921 Buffer layer /model.22/Sigmoid (202)
2026-04-16 00:05:07,005     INFO [client_id=n/a] 127675102566080 fxml_schedule_view.py:2921 Buffer layer /model.22/Sigmoid (202)
2026-04-16 00:05:07,005     INFO [client_id=n/a] 127675102566080 fxml_schedule_view.py:2921 Buffer layer /model.22/Sigmoid (202)
2026-04-16 00:05:07,005     INFO [client_id=n/a] 127675102566080 fxml_schedule_view.py:2921 Buffer layer /model.22/Sigmoid (202)
2026-04-16 00:05:07,006     INFO [client_id=n/a] 127675102566080 fxml_schedule_view.py:2921 Buffer layer /model.22/Sigmoid (202)
2026-04-16 00:05:07,006     INFO [client_id=n/a] 127675102566080 fxml_schedule_view.py:2921 Buffer layer /model.22/Sigmoid (202)
2026-04-16 00:05:07,007     INFO [client_id=n/a] 127675102566080 fxml_schedule_view.py:2921 Buffer layer /model.22/Sigmoid (202)
2026-04-16 00:05:07,008     INFO [client_id=n/a] 127675102566080 fxml_schedule_view.py:2921 Buffer layer /model.22/Sigmoid (202)
2026-04-16 00:05:07,008     INFO [client_id=n/a] 127675102566080 fxml_schedule_view.py:2921 Buffer layer /model.22/Sigmoid (202)
2026-04-16 00:05:07,008     INFO [client_id=n/a] 127675102566080 fxml_schedule_view.py:2921 Buffer layer /model.22/Sigmoid (202)
2026-04-16 00:05:07,009     INFO [client_id=n/a] 127675102566080 fxml_schedule_view.py:2921 Buffer layer /model.22/Sigmoid (202)
2026-04-16 00:05:07,010     INFO [client_id=n/a] 127675102566080 fxml_schedule_view.py:2921 Buffer layer /model.22/Sigmoid (202)
2026-04-16 00:05:07,010     INFO [client_id=n/a] 127675102566080 fxml_schedule_view.py:2921 Buffer layer /model.22/Sigmoid (202)
2026-04-16 00:05:07,010     INFO [client_id=n/a] 127675102566080 fxml_schedule_view.py:2921 Buffer layer /model.22/Sigmoid (202)
2026-04-16 00:05:07,011     INFO [client_id=n/a] 127675102566080 fxml_schedule_view.py:2921 Buffer layer /model.22/Sigmoid (202)
2026-04-16 00:05:07,011     INFO [client_id=n/a] 127675102566080 fxml_schedule_view.py:2921 Buffer layer /model.22/Sigmoid (202)
2026-04-16 00:05:07,012     INFO [client_id=n/a] 127675102566080 fxml_schedule_view.py:2921 Buffer layer /model.22/Sigmoid (202)
2026-04-16 00:05:07,012     INFO [client_id=n/a] 127675102566080 fxml_schedule_view.py:2921 Buffer layer /model.22/Sigmoid (202)
2026-04-16 00:05:07,013     INFO [client_id=n/a] 127675102566080 fxml_schedule_view.py:2921 Buffer layer /model.22/Sigmoid (202)
2026-04-16 00:05:07,013     INFO [client_id=n/a] 127675102566080 fxml_schedule_view.py:2921 Buffer layer /model.22/Sigmoid (202)
2026-04-16 00:05:07,014     INFO [client_id=n/a] 127675102566080 fxml_schedule_view.py:2921 Buffer layer /model.22/Sigmoid (202)
2026-04-16 00:05:07,014     INFO [client_id=n/a] 127675102566080 fxml_schedule_view.py:2921 Buffer layer /model.22/Sigmoid (202)
2026-04-16 00:05:07,015     INFO [client_id=n/a] 127675102566080 fxml_schedule_view.py:2921 Buffer layer /model.22/Sigmoid (202)
2026-04-16 00:05:07,015     INFO [client_id=n/a] 127675102566080 fxml_schedule_view.py:2921 Buffer layer /model.22/Sigmoid (202)
2026-04-16 00:05:07,016     INFO [client_id=n/a] 127675102566080 fxml_schedule_view.py:2921 Buffer layer /model.22/Sigmoid (202)
2026-04-16 00:05:07,016     INFO [client_id=n/a] 127675102566080 fxml_schedule_view.py:2921 Buffer layer /model.22/Sigmoid (202)
2026-04-16 00:05:07,016     INFO [client_id=n/a] 127675102566080 fxml_schedule_view.py:2921 Buffer layer /model.22/Sigmoid (202)
2026-04-16 00:05:07,017     INFO [client_id=n/a] 127675102566080 fxml_schedule_view.py:2921 Buffer layer /model.22/Sigmoid (202)
2026-04-16 00:05:07,018     INFO [client_id=n/a] 127675102566080 fxml_schedule_view.py:2921 Buffer layer /model.22/Sigmoid (202)
2026-04-16 00:05:07,018     INFO [client_id=n/a] 127675102566080 fxml_schedule_view.py:2921 Buffer layer /model.22/Sigmoid (202)
2026-04-16 00:05:07,018     INFO [client_id=n/a] 127675102566080 fxml_schedule_view.py:2921 Buffer layer /model.22/Sigmoid (202)
2026-04-16 00:05:07,019     INFO [client_id=n/a] 127675102566080 fxml_schedule_view.py:2921 Buffer layer /model.22/Sigmoid (202)
2026-04-16 00:05:07,019     INFO [client_id=n/a] 127675102566080 fxml_schedule_view.py:2921 Buffer layer /model.22/Sigmoid (202)
2026-04-16 00:05:07,020     INFO [client_id=n/a] 127675102566080 fxml_schedule_view.py:2921 Buffer layer /model.22/Sigmoid (202)
2026-04-16 00:05:07,021     INFO [client_id=n/a] 127675102566080 fxml_schedule_view.py:2921 Buffer layer /model.22/Sigmoid (202)
2026-04-16 00:05:07,021     INFO [client_id=n/a] 127675102566080 fxml_schedule_view.py:2921 Buffer layer /model.22/Sigmoid (202)
2026-04-16 00:05:07,022     INFO [client_id=n/a] 127675102566080 fxml_schedule_view.py:2921 Buffer layer /model.22/Sigmoid (202)
2026-04-16 00:05:07,022     INFO [client_id=n/a] 127675102566080 fxml_schedule_view.py:2921 Buffer layer /model.22/Sigmoid (202)
2026-04-16 00:05:07,023     INFO [client_id=n/a] 127675102566080 fxml_schedule_view.py:2921 Buffer layer /model.22/Sigmoid (202)
2026-04-16 00:05:07,023     INFO [client_id=n/a] 127675102566080 fxml_schedule_view.py:2921 Buffer layer /model.22/Sigmoid (202)
2026-04-16 00:05:07,024     INFO [client_id=n/a] 127675102566080 fxml_schedule_view.py:2921 Buffer layer /model.22/Sigmoid (202)
2026-04-16 00:05:07,024     INFO [client_id=n/a] 127675102566080 fxml_schedule_view.py:2921 Buffer layer /model.22/Sigmoid (202)
2026-04-16 00:05:07,025     INFO [client_id=n/a] 127675102566080 fxml_schedule_view.py:2921 Buffer layer /model.22/Sigmoid (202)
2026-04-16 00:05:07,025     INFO [client_id=n/a] 127675102566080 fxml_schedule_view.py:2921 Buffer layer /model.22/Sigmoid (202)
2026-04-16 00:05:07,026     INFO [client_id=n/a] 127675102566080 fxml_schedule_view.py:2921 Buffer layer /model.22/Sigmoid (202)
2026-04-16 00:05:07,026     INFO [client_id=n/a] 127675102566080 fxml_schedule_view.py:2921 Buffer layer /model.22/Sigmoid (202)
2026-04-16 00:05:07,027     INFO [client_id=n/a] 127675102566080 fxml_schedule_view.py:2921 Buffer layer /model.22/Sigmoid (202)
2026-04-16 00:05:07,027     INFO [client_id=n/a] 127675102566080 fxml_schedule_view.py:2921 Buffer layer /model.22/Sigmoid (202)
2026-04-16 00:05:07,028     INFO [client_id=n/a] 127675102566080 fxml_schedule_view.py:2921 Buffer layer /model.22/Sigmoid (202)
2026-04-16 00:05:07,029     INFO [client_id=n/a] 127675102566080 fxml_schedule_view.py:2921 Buffer layer /model.22/Sigmoid (202)
2026-04-16 00:05:07,029     INFO [client_id=n/a] 127675102566080 fxml_schedule_view.py:2921 Buffer layer /model.22/Sigmoid (202)
2026-04-16 00:05:07,030     INFO [client_id=n/a] 127675102566080 fxml_schedule_view.py:2921 Buffer layer /model.22/Sigmoid (202)
2026-04-16 00:05:07,030     INFO [client_id=n/a] 127675102566080 fxml_schedule_view.py:2921 Buffer layer /model.22/Sigmoid (202)
2026-04-16 00:05:07,030     INFO [client_id=n/a] 127675102566080 fxml_schedule_view.py:2921 Buffer layer /model.22/Sigmoid (202)
2026-04-16 00:05:07,031     INFO [client_id=n/a] 127675102566080 fxml_schedule_view.py:2921 Buffer layer /model.22/Sigmoid (202)
2026-04-16 00:05:07,119     INFO [client_id=n/a] 127675102566080 fxml_schedule_view.py:2921 Buffer layer /model.22/Sigmoid (202)
2026-04-16 00:05:07,119     INFO [client_id=n/a] 127675102566080 fxml_schedule_view.py:2921 Buffer layer /model.22/Sigmoid (202)
2026-04-16 00:05:07,120     INFO [client_id=n/a] 127675102566080 fxml_schedule_view.py:2921 Buffer layer /model.22/Sigmoid (202)
2026-04-16 00:05:07,120     INFO [client_id=n/a] 127675102566080 fxml_schedule_view.py:2921 Buffer layer /model.22/Sigmoid (202)
2026-04-16 00:05:07,121     INFO [client_id=n/a] 127675102566080 fxml_schedule_view.py:2921 Buffer layer /model.22/Sigmoid (202)
2026-04-16 00:05:07,122     INFO [client_id=n/a] 127675102566080 fxml_schedule_view.py:2921 Buffer layer /model.22/Sigmoid (202)
2026-04-16 00:05:07,122     INFO [client_id=n/a] 127675102566080 fxml_schedule_view.py:2921 Buffer layer /model.22/Sigmoid (202)
2026-04-16 00:05:07,123     INFO [client_id=n/a] 127675102566080 fxml_schedule_view.py:2921 Buffer layer /model.22/Sigmoid (202)
2026-04-16 00:05:07,123     INFO [client_id=n/a] 127675102566080 fxml_schedule_view.py:2921 Buffer layer /model.22/Sigmoid (202)
2026-04-16 00:05:07,124     INFO [client_id=n/a] 127675102566080 fxml_schedule_view.py:2921 Buffer layer /model.22/Sigmoid (202)
2026-04-16 00:05:07,124     INFO [client_id=n/a] 127675102566080 fxml_schedule_view.py:2921 Buffer layer /model.22/Sigmoid (202)
2026-04-16 00:05:07,125     INFO [client_id=n/a] 127675102566080 fxml_schedule_view.py:2921 Buffer layer /model.22/Sigmoid (202)
2026-04-16 00:05:07,125     INFO [client_id=n/a] 127675102566080 fxml_schedule_view.py:2921 Buffer layer /model.22/Sigmoid (202)
2026-04-16 00:05:07,126     INFO [client_id=n/a] 127675102566080 fxml_schedule_view.py:2921 Buffer layer /model.22/Sigmoid (202)
2026-04-16 00:05:07,126     INFO [client_id=n/a] 127675102566080 fxml_schedule_view.py:2921 Buffer layer /model.22/Sigmoid (202)
2026-04-16 00:05:07,127     INFO [client_id=n/a] 127675102566080 fxml_schedule_view.py:2921 Buffer layer /model.22/Sigmoid (202)
2026-04-16 00:05:07,127     INFO [client_id=n/a] 127675102566080 fxml_schedule_view.py:2921 Buffer layer /model.22/Sigmoid (202)
2026-04-16 00:05:07,128     INFO [client_id=n/a] 127675102566080 fxml_schedule_view.py:2921 Buffer layer /model.22/Sigmoid (202)
2026-04-16 00:05:07,128     INFO [client_id=n/a] 127675102566080 fxml_schedule_view.py:2921 Buffer layer /model.22/Sigmoid (202)
2026-04-16 00:05:07,129     INFO [client_id=n/a] 127675102566080 fxml_schedule_view.py:2921 Buffer layer /model.22/Sigmoid (202)
2026-04-16 00:05:07,129     INFO [client_id=n/a] 127675102566080 fxml_schedule_view.py:2921 Buffer layer /model.22/Sigmoid (202)
2026-04-16 00:05:07,130     INFO [client_id=n/a] 127675102566080 fxml_schedule_view.py:2921 Buffer layer /model.22/Sigmoid (202)
2026-04-16 00:05:07,130     INFO [client_id=n/a] 127675102566080 fxml_schedule_view.py:2921 Buffer layer /model.22/Sigmoid (202)
2026-04-16 00:05:12,391     INFO [client_id=n/a] 127675102566080 server.py:35 AI Analyzer 1.7.0.dev20260130181427+g301504b8 serving on http://0.0.0.0:8000/dashboard?token=xwiBeXr7lnVnzLeYPvpPEVAwOJJUFUsnAvzIAhQ (Press CTRL+C to quit)
2026-04-16 00:06:14,713     INFO [client_id=n/a] 129186240919232 json_aie_record_timer.py:318 /model.22/Split_1_Duplicated#1 layer not found
2026-04-16 00:06:14,713     INFO [client_id=n/a] 129186240919232 json_aie_record_timer.py:318 /model.22/Split_1_Duplicated#0 layer not found
2026-04-16 00:06:14,815     INFO [client_id=n/a] 129186240919232 fxml_schedule_view.py:2921 Buffer layer /model.22/Sigmoid (202)
2026-04-16 00:06:14,815     INFO [client_id=n/a] 129186240919232 fxml_schedule_view.py:2921 Buffer layer /model.22/Sigmoid (202)
2026-04-16 00:06:14,816     INFO [client_id=n/a] 129186240919232 fxml_schedule_view.py:2921 Buffer layer /model.22/Sigmoid (202)
2026-04-16 00:06:14,816     INFO [client_id=n/a] 129186240919232 fxml_schedule_view.py:2921 Buffer layer /model.22/Sigmoid (202)
2026-04-16 00:06:14,817     INFO [client_id=n/a] 129186240919232 fxml_schedule_view.py:2921 Buffer layer /model.22/Sigmoid (202)
2026-04-16 00:06:14,817     INFO [client_id=n/a] 129186240919232 fxml_schedule_view.py:2921 Buffer layer /model.22/Sigmoid (202)
2026-04-16 00:06:14,818     INFO [client_id=n/a] 129186240919232 fxml_schedule_view.py:2921 Buffer layer /model.22/Sigmoid (202)
2026-04-16 00:06:14,818     INFO [client_id=n/a] 129186240919232 fxml_schedule_view.py:2921 Buffer layer /model.22/Sigmoid (202)
2026-04-16 00:06:14,818     INFO [client_id=n/a] 129186240919232 fxml_schedule_view.py:2921 Buffer layer /model.22/Sigmoid (202)
2026-04-16 00:06:14,819     INFO [client_id=n/a] 129186240919232 fxml_schedule_view.py:2921 Buffer layer /model.22/Sigmoid (202)
2026-04-16 00:06:14,820     INFO [client_id=n/a] 129186240919232 fxml_schedule_view.py:2921 Buffer layer /model.22/Sigmoid (202)
2026-04-16 00:06:14,820     INFO [client_id=n/a] 129186240919232 fxml_schedule_view.py:2921 Buffer layer /model.22/Sigmoid (202)
2026-04-16 00:06:14,821     INFO [client_id=n/a] 129186240919232 fxml_schedule_view.py:2921 Buffer layer /model.22/Sigmoid (202)
2026-04-16 00:06:14,821     INFO [client_id=n/a] 129186240919232 fxml_schedule_view.py:2921 Buffer layer /model.22/Sigmoid (202)
2026-04-16 00:06:14,822     INFO [client_id=n/a] 129186240919232 fxml_schedule_view.py:2921 Buffer layer /model.22/Sigmoid (202)
2026-04-16 00:06:14,903     INFO [client_id=n/a] 129186240919232 fxml_schedule_view.py:2921 Buffer layer /model.22/Sigmoid (202)
2026-04-16 00:06:14,904     INFO [client_id=n/a] 129186240919232 fxml_schedule_view.py:2921 Buffer layer /model.22/Sigmoid (202)
2026-04-16 00:06:14,904     INFO [client_id=n/a] 129186240919232 fxml_schedule_view.py:2921 Buffer layer /model.22/Sigmoid (202)
2026-04-16 00:06:14,905     INFO [client_id=n/a] 129186240919232 fxml_schedule_view.py:2921 Buffer layer /model.22/Sigmoid (202)
2026-04-16 00:06:14,905     INFO [client_id=n/a] 129186240919232 fxml_schedule_view.py:2921 Buffer layer /model.22/Sigmoid (202)
2026-04-16 00:06:14,906     INFO [client_id=n/a] 129186240919232 fxml_schedule_view.py:2921 Buffer layer /model.22/Sigmoid (202)
2026-04-16 00:06:14,907     INFO [client_id=n/a] 129186240919232 fxml_schedule_view.py:2921 Buffer layer /model.22/Sigmoid (202)
2026-04-16 00:06:14,907     INFO [client_id=n/a] 129186240919232 fxml_schedule_view.py:2921 Buffer layer /model.22/Sigmoid (202)
2026-04-16 00:06:14,908     INFO [client_id=n/a] 129186240919232 fxml_schedule_view.py:2921 Buffer layer /model.22/Sigmoid (202)
2026-04-16 00:06:14,908     INFO [client_id=n/a] 129186240919232 fxml_schedule_view.py:2921 Buffer layer /model.22/Sigmoid (202)
2026-04-16 00:06:14,908     INFO [client_id=n/a] 129186240919232 fxml_schedule_view.py:2921 Buffer layer /model.22/Sigmoid (202)
2026-04-16 00:06:14,909     INFO [client_id=n/a] 129186240919232 fxml_schedule_view.py:2921 Buffer layer /model.22/Sigmoid (202)
2026-04-16 00:06:14,910     INFO [client_id=n/a] 129186240919232 fxml_schedule_view.py:2921 Buffer layer /model.22/Sigmoid (202)
2026-04-16 00:06:14,910     INFO [client_id=n/a] 129186240919232 fxml_schedule_view.py:2921 Buffer layer /model.22/Sigmoid (202)
2026-04-16 00:06:14,910     INFO [client_id=n/a] 129186240919232 fxml_schedule_view.py:2921 Buffer layer /model.22/Sigmoid (202)
2026-04-16 00:06:14,911     INFO [client_id=n/a] 129186240919232 fxml_schedule_view.py:2921 Buffer layer /model.22/Sigmoid (202)
2026-04-16 00:06:14,912     INFO [client_id=n/a] 129186240919232 fxml_schedule_view.py:2921 Buffer layer /model.22/Sigmoid (202)
2026-04-16 00:06:14,912     INFO [client_id=n/a] 129186240919232 fxml_schedule_view.py:2921 Buffer layer /model.22/Sigmoid (202)
2026-04-16 00:06:14,912     INFO [client_id=n/a] 129186240919232 fxml_schedule_view.py:2921 Buffer layer /model.22/Sigmoid (202)
2026-04-16 00:06:14,913     INFO [client_id=n/a] 129186240919232 fxml_schedule_view.py:2921 Buffer layer /model.22/Sigmoid (202)
2026-04-16 00:06:14,913     INFO [client_id=n/a] 129186240919232 fxml_schedule_view.py:2921 Buffer layer /model.22/Sigmoid (202)
2026-04-16 00:06:14,914     INFO [client_id=n/a] 129186240919232 fxml_schedule_view.py:2921 Buffer layer /model.22/Sigmoid (202)
2026-04-16 00:06:14,914     INFO [client_id=n/a] 129186240919232 fxml_schedule_view.py:2921 Buffer layer /model.22/Sigmoid (202)
2026-04-16 00:06:14,915     INFO [client_id=n/a] 129186240919232 fxml_schedule_view.py:2921 Buffer layer /model.22/Sigmoid (202)
2026-04-16 00:06:14,915     INFO [client_id=n/a] 129186240919232 fxml_schedule_view.py:2921 Buffer layer /model.22/Sigmoid (202)
2026-04-16 00:06:14,916     INFO [client_id=n/a] 129186240919232 fxml_schedule_view.py:2921 Buffer layer /model.22/Sigmoid (202)
2026-04-16 00:06:14,916     INFO [client_id=n/a] 129186240919232 fxml_schedule_view.py:2921 Buffer layer /model.22/Sigmoid (202)
2026-04-16 00:06:14,917     INFO [client_id=n/a] 129186240919232 fxml_schedule_view.py:2921 Buffer layer /model.22/Sigmoid (202)
2026-04-16 00:06:14,917     INFO [client_id=n/a] 129186240919232 fxml_schedule_view.py:2921 Buffer layer /model.22/Sigmoid (202)
2026-04-16 00:06:14,918     INFO [client_id=n/a] 129186240919232 fxml_schedule_view.py:2921 Buffer layer /model.22/Sigmoid (202)
2026-04-16 00:06:14,918     INFO [client_id=n/a] 129186240919232 fxml_schedule_view.py:2921 Buffer layer /model.22/Sigmoid (202)
2026-04-16 00:06:14,918     INFO [client_id=n/a] 129186240919232 fxml_schedule_view.py:2921 Buffer layer /model.22/Sigmoid (202)
2026-04-16 00:06:14,919     INFO [client_id=n/a] 129186240919232 fxml_schedule_view.py:2921 Buffer layer /model.22/Sigmoid (202)
2026-04-16 00:06:14,919     INFO [client_id=n/a] 129186240919232 fxml_schedule_view.py:2921 Buffer layer /model.22/Sigmoid (202)
2026-04-16 00:06:14,920     INFO [client_id=n/a] 129186240919232 fxml_schedule_view.py:2921 Buffer layer /model.22/Sigmoid (202)
2026-04-16 00:06:14,920     INFO [client_id=n/a] 129186240919232 fxml_schedule_view.py:2921 Buffer layer /model.22/Sigmoid (202)
2026-04-16 00:06:14,921     INFO [client_id=n/a] 129186240919232 fxml_schedule_view.py:2921 Buffer layer /model.22/Sigmoid (202)
2026-04-16 00:06:14,921     INFO [client_id=n/a] 129186240919232 fxml_schedule_view.py:2921 Buffer layer /model.22/Sigmoid (202)
2026-04-16 00:06:14,922     INFO [client_id=n/a] 129186240919232 fxml_schedule_view.py:2921 Buffer layer /model.22/Sigmoid (202)
2026-04-16 00:06:14,923     INFO [client_id=n/a] 129186240919232 fxml_schedule_view.py:2921 Buffer layer /model.22/Sigmoid (202)
2026-04-16 00:06:14,923     INFO [client_id=n/a] 129186240919232 fxml_schedule_view.py:2921 Buffer layer /model.22/Sigmoid (202)
2026-04-16 00:06:14,924     INFO [client_id=n/a] 129186240919232 fxml_schedule_view.py:2921 Buffer layer /model.22/Sigmoid (202)
2026-04-16 00:06:14,924     INFO [client_id=n/a] 129186240919232 fxml_schedule_view.py:2921 Buffer layer /model.22/Sigmoid (202)
2026-04-16 00:06:14,925     INFO [client_id=n/a] 129186240919232 fxml_schedule_view.py:2921 Buffer layer /model.22/Sigmoid (202)
2026-04-16 00:06:14,926     INFO [client_id=n/a] 129186240919232 fxml_schedule_view.py:2921 Buffer layer /model.22/Sigmoid (202)
2026-04-16 00:06:14,926     INFO [client_id=n/a] 129186240919232 fxml_schedule_view.py:2921 Buffer layer /model.22/Sigmoid (202)
2026-04-16 00:06:14,927     INFO [client_id=n/a] 129186240919232 fxml_schedule_view.py:2921 Buffer layer /model.22/Sigmoid (202)
2026-04-16 00:06:14,927     INFO [client_id=n/a] 129186240919232 fxml_schedule_view.py:2921 Buffer layer /model.22/Sigmoid (202)
2026-04-16 00:06:14,928     INFO [client_id=n/a] 129186240919232 fxml_schedule_view.py:2921 Buffer layer /model.22/Sigmoid (202)
2026-04-16 00:06:14,929     INFO [client_id=n/a] 129186240919232 fxml_schedule_view.py:2921 Buffer layer /model.22/Sigmoid (202)
2026-04-16 00:06:14,929     INFO [client_id=n/a] 129186240919232 fxml_schedule_view.py:2921 Buffer layer /model.22/Sigmoid (202)
2026-04-16 00:06:14,930     INFO [client_id=n/a] 129186240919232 fxml_schedule_view.py:2921 Buffer layer /model.22/Sigmoid (202)
2026-04-16 00:06:14,930     INFO [client_id=n/a] 129186240919232 fxml_schedule_view.py:2921 Buffer layer /model.22/Sigmoid (202)
2026-04-16 00:06:14,931     INFO [client_id=n/a] 129186240919232 fxml_schedule_view.py:2921 Buffer layer /model.22/Sigmoid (202)
2026-04-16 00:06:14,932     INFO [client_id=n/a] 129186240919232 fxml_schedule_view.py:2921 Buffer layer /model.22/Sigmoid (202)
2026-04-16 00:06:14,932     INFO [client_id=n/a] 129186240919232 fxml_schedule_view.py:2921 Buffer layer /model.22/Sigmoid (202)
2026-04-16 00:06:14,933     INFO [client_id=n/a] 129186240919232 fxml_schedule_view.py:2921 Buffer layer /model.22/Sigmoid (202)
2026-04-16 00:06:14,933     INFO [client_id=n/a] 129186240919232 fxml_schedule_view.py:2921 Buffer layer /model.22/Sigmoid (202)
2026-04-16 00:06:14,934     INFO [client_id=n/a] 129186240919232 fxml_schedule_view.py:2921 Buffer layer /model.22/Sigmoid (202)
2026-04-16 00:06:14,934     INFO [client_id=n/a] 129186240919232 fxml_schedule_view.py:2921 Buffer layer /model.22/Sigmoid (202)
2026-04-16 00:06:15,041     INFO [client_id=n/a] 129186240919232 fxml_schedule_view.py:2921 Buffer layer /model.22/Sigmoid (202)
2026-04-16 00:06:15,041     INFO [client_id=n/a] 129186240919232 fxml_schedule_view.py:2921 Buffer layer /model.22/Sigmoid (202)
2026-04-16 00:06:15,042     INFO [client_id=n/a] 129186240919232 fxml_schedule_view.py:2921 Buffer layer /model.22/Sigmoid (202)
2026-04-16 00:06:15,042     INFO [client_id=n/a] 129186240919232 fxml_schedule_view.py:2921 Buffer layer /model.22/Sigmoid (202)
2026-04-16 00:06:15,043     INFO [client_id=n/a] 129186240919232 fxml_schedule_view.py:2921 Buffer layer /model.22/Sigmoid (202)
2026-04-16 00:06:15,044     INFO [client_id=n/a] 129186240919232 fxml_schedule_view.py:2921 Buffer layer /model.22/Sigmoid (202)
2026-04-16 00:06:15,044     INFO [client_id=n/a] 129186240919232 fxml_schedule_view.py:2921 Buffer layer /model.22/Sigmoid (202)
2026-04-16 00:06:15,045     INFO [client_id=n/a] 129186240919232 fxml_schedule_view.py:2921 Buffer layer /model.22/Sigmoid (202)
2026-04-16 00:06:15,045     INFO [client_id=n/a] 129186240919232 fxml_schedule_view.py:2921 Buffer layer /model.22/Sigmoid (202)
2026-04-16 00:06:15,046     INFO [client_id=n/a] 129186240919232 fxml_schedule_view.py:2921 Buffer layer /model.22/Sigmoid (202)
2026-04-16 00:06:15,046     INFO [client_id=n/a] 129186240919232 fxml_schedule_view.py:2921 Buffer layer /model.22/Sigmoid (202)
2026-04-16 00:06:15,047     INFO [client_id=n/a] 129186240919232 fxml_schedule_view.py:2921 Buffer layer /model.22/Sigmoid (202)
2026-04-16 00:06:15,048     INFO [client_id=n/a] 129186240919232 fxml_schedule_view.py:2921 Buffer layer /model.22/Sigmoid (202)
2026-04-16 00:06:15,048     INFO [client_id=n/a] 129186240919232 fxml_schedule_view.py:2921 Buffer layer /model.22/Sigmoid (202)
2026-04-16 00:06:15,049     INFO [client_id=n/a] 129186240919232 fxml_schedule_view.py:2921 Buffer layer /model.22/Sigmoid (202)
2026-04-16 00:06:15,049     INFO [client_id=n/a] 129186240919232 fxml_schedule_view.py:2921 Buffer layer /model.22/Sigmoid (202)
2026-04-16 00:06:15,050     INFO [client_id=n/a] 129186240919232 fxml_schedule_view.py:2921 Buffer layer /model.22/Sigmoid (202)
2026-04-16 00:06:15,050     INFO [client_id=n/a] 129186240919232 fxml_schedule_view.py:2921 Buffer layer /model.22/Sigmoid (202)
2026-04-16 00:06:15,051     INFO [client_id=n/a] 129186240919232 fxml_schedule_view.py:2921 Buffer layer /model.22/Sigmoid (202)
2026-04-16 00:06:15,051     INFO [client_id=n/a] 129186240919232 fxml_schedule_view.py:2921 Buffer layer /model.22/Sigmoid (202)
2026-04-16 00:06:15,052     INFO [client_id=n/a] 129186240919232 fxml_schedule_view.py:2921 Buffer layer /model.22/Sigmoid (202)
2026-04-16 00:06:15,052     INFO [client_id=n/a] 129186240919232 fxml_schedule_view.py:2921 Buffer layer /model.22/Sigmoid (202)
2026-04-16 00:06:15,053     INFO [client_id=n/a] 129186240919232 fxml_schedule_view.py:2921 Buffer layer /model.22/Sigmoid (202)
2026-04-16 00:06:20,070     INFO [client_id=n/a] 129186240919232 server.py:35 AI Analyzer 1.7.0.dev20260130181427+g301504b8 serving on http://0.0.0.0:8000/dashboard?token=mA7lfUqSbzxKRM849ovFoR2DyHI6dbllMHphKkX8Q (Press CTRL+C to quit)
2026-04-16 02:03:19,524     INFO [client_id=n/a] 138317887870656 json_aie_record_timer.py:318 /model.22/Split_1_Duplicated#1 layer not found
2026-04-16 02:03:19,524     INFO [client_id=n/a] 138317887870656 json_aie_record_timer.py:318 /model.22/Split_1_Duplicated#0 layer not found
2026-04-16 02:03:19,627     INFO [client_id=n/a] 138317887870656 fxml_schedule_view.py:2921 Buffer layer /model.22/Sigmoid (202)
2026-04-16 02:03:19,628     INFO [client_id=n/a] 138317887870656 fxml_schedule_view.py:2921 Buffer layer /model.22/Sigmoid (202)
2026-04-16 02:03:19,628     INFO [client_id=n/a] 138317887870656 fxml_schedule_view.py:2921 Buffer layer /model.22/Sigmoid (202)
2026-04-16 02:03:19,629     INFO [client_id=n/a] 138317887870656 fxml_schedule_view.py:2921 Buffer layer /model.22/Sigmoid (202)
2026-04-16 02:03:19,629     INFO [client_id=n/a] 138317887870656 fxml_schedule_view.py:2921 Buffer layer /model.22/Sigmoid (202)
2026-04-16 02:03:19,630     INFO [client_id=n/a] 138317887870656 fxml_schedule_view.py:2921 Buffer layer /model.22/Sigmoid (202)
2026-04-16 02:03:19,630     INFO [client_id=n/a] 138317887870656 fxml_schedule_view.py:2921 Buffer layer /model.22/Sigmoid (202)
2026-04-16 02:03:19,631     INFO [client_id=n/a] 138317887870656 fxml_schedule_view.py:2921 Buffer layer /model.22/Sigmoid (202)
2026-04-16 02:03:19,631     INFO [client_id=n/a] 138317887870656 fxml_schedule_view.py:2921 Buffer layer /model.22/Sigmoid (202)
2026-04-16 02:03:19,632     INFO [client_id=n/a] 138317887870656 fxml_schedule_view.py:2921 Buffer layer /model.22/Sigmoid (202)
2026-04-16 02:03:19,632     INFO [client_id=n/a] 138317887870656 fxml_schedule_view.py:2921 Buffer layer /model.22/Sigmoid (202)
2026-04-16 02:03:19,633     INFO [client_id=n/a] 138317887870656 fxml_schedule_view.py:2921 Buffer layer /model.22/Sigmoid (202)
2026-04-16 02:03:19,633     INFO [client_id=n/a] 138317887870656 fxml_schedule_view.py:2921 Buffer layer /model.22/Sigmoid (202)
2026-04-16 02:03:19,633     INFO [client_id=n/a] 138317887870656 fxml_schedule_view.py:2921 Buffer layer /model.22/Sigmoid (202)
2026-04-16 02:03:19,634     INFO [client_id=n/a] 138317887870656 fxml_schedule_view.py:2921 Buffer layer /model.22/Sigmoid (202)
2026-04-16 02:03:19,709     INFO [client_id=n/a] 138317887870656 fxml_schedule_view.py:2921 Buffer layer /model.22/Sigmoid (202)
2026-04-16 02:03:19,710     INFO [client_id=n/a] 138317887870656 fxml_schedule_view.py:2921 Buffer layer /model.22/Sigmoid (202)
2026-04-16 02:03:19,710     INFO [client_id=n/a] 138317887870656 fxml_schedule_view.py:2921 Buffer layer /model.22/Sigmoid (202)
2026-04-16 02:03:19,711     INFO [client_id=n/a] 138317887870656 fxml_schedule_view.py:2921 Buffer layer /model.22/Sigmoid (202)
2026-04-16 02:03:19,711     INFO [client_id=n/a] 138317887870656 fxml_schedule_view.py:2921 Buffer layer /model.22/Sigmoid (202)
2026-04-16 02:03:19,712     INFO [client_id=n/a] 138317887870656 fxml_schedule_view.py:2921 Buffer layer /model.22/Sigmoid (202)
2026-04-16 02:03:19,712     INFO [client_id=n/a] 138317887870656 fxml_schedule_view.py:2921 Buffer layer /model.22/Sigmoid (202)
2026-04-16 02:03:19,713     INFO [client_id=n/a] 138317887870656 fxml_schedule_view.py:2921 Buffer layer /model.22/Sigmoid (202)
2026-04-16 02:03:19,713     INFO [client_id=n/a] 138317887870656 fxml_schedule_view.py:2921 Buffer layer /model.22/Sigmoid (202)
2026-04-16 02:03:19,714     INFO [client_id=n/a] 138317887870656 fxml_schedule_view.py:2921 Buffer layer /model.22/Sigmoid (202)
2026-04-16 02:03:19,714     INFO [client_id=n/a] 138317887870656 fxml_schedule_view.py:2921 Buffer layer /model.22/Sigmoid (202)
2026-04-16 02:03:19,715     INFO [client_id=n/a] 138317887870656 fxml_schedule_view.py:2921 Buffer layer /model.22/Sigmoid (202)
2026-04-16 02:03:19,715     INFO [client_id=n/a] 138317887870656 fxml_schedule_view.py:2921 Buffer layer /model.22/Sigmoid (202)
2026-04-16 02:03:19,716     INFO [client_id=n/a] 138317887870656 fxml_schedule_view.py:2921 Buffer layer /model.22/Sigmoid (202)
2026-04-16 02:03:19,716     INFO [client_id=n/a] 138317887870656 fxml_schedule_view.py:2921 Buffer layer /model.22/Sigmoid (202)
2026-04-16 02:03:19,716     INFO [client_id=n/a] 138317887870656 fxml_schedule_view.py:2921 Buffer layer /model.22/Sigmoid (202)
2026-04-16 02:03:19,717     INFO [client_id=n/a] 138317887870656 fxml_schedule_view.py:2921 Buffer layer /model.22/Sigmoid (202)
2026-04-16 02:03:19,717     INFO [client_id=n/a] 138317887870656 fxml_schedule_view.py:2921 Buffer layer /model.22/Sigmoid (202)
2026-04-16 02:03:19,718     INFO [client_id=n/a] 138317887870656 fxml_schedule_view.py:2921 Buffer layer /model.22/Sigmoid (202)
2026-04-16 02:03:19,718     INFO [client_id=n/a] 138317887870656 fxml_schedule_view.py:2921 Buffer layer /model.22/Sigmoid (202)
2026-04-16 02:03:19,719     INFO [client_id=n/a] 138317887870656 fxml_schedule_view.py:2921 Buffer layer /model.22/Sigmoid (202)
2026-04-16 02:03:19,719     INFO [client_id=n/a] 138317887870656 fxml_schedule_view.py:2921 Buffer layer /model.22/Sigmoid (202)
2026-04-16 02:03:19,720     INFO [client_id=n/a] 138317887870656 fxml_schedule_view.py:2921 Buffer layer /model.22/Sigmoid (202)
2026-04-16 02:03:19,720     INFO [client_id=n/a] 138317887870656 fxml_schedule_view.py:2921 Buffer layer /model.22/Sigmoid (202)
2026-04-16 02:03:19,720     INFO [client_id=n/a] 138317887870656 fxml_schedule_view.py:2921 Buffer layer /model.22/Sigmoid (202)
2026-04-16 02:03:19,721     INFO [client_id=n/a] 138317887870656 fxml_schedule_view.py:2921 Buffer layer /model.22/Sigmoid (202)
2026-04-16 02:03:19,721     INFO [client_id=n/a] 138317887870656 fxml_schedule_view.py:2921 Buffer layer /model.22/Sigmoid (202)
2026-04-16 02:03:19,722     INFO [client_id=n/a] 138317887870656 fxml_schedule_view.py:2921 Buffer layer /model.22/Sigmoid (202)
2026-04-16 02:03:19,722     INFO [client_id=n/a] 138317887870656 fxml_schedule_view.py:2921 Buffer layer /model.22/Sigmoid (202)
2026-04-16 02:03:19,723     INFO [client_id=n/a] 138317887870656 fxml_schedule_view.py:2921 Buffer layer /model.22/Sigmoid (202)
2026-04-16 02:03:19,723     INFO [client_id=n/a] 138317887870656 fxml_schedule_view.py:2921 Buffer layer /model.22/Sigmoid (202)
2026-04-16 02:03:19,724     INFO [client_id=n/a] 138317887870656 fxml_schedule_view.py:2921 Buffer layer /model.22/Sigmoid (202)
2026-04-16 02:03:19,724     INFO [client_id=n/a] 138317887870656 fxml_schedule_view.py:2921 Buffer layer /model.22/Sigmoid (202)
2026-04-16 02:03:19,725     INFO [client_id=n/a] 138317887870656 fxml_schedule_view.py:2921 Buffer layer /model.22/Sigmoid (202)
2026-04-16 02:03:19,725     INFO [client_id=n/a] 138317887870656 fxml_schedule_view.py:2921 Buffer layer /model.22/Sigmoid (202)
2026-04-16 02:03:19,725     INFO [client_id=n/a] 138317887870656 fxml_schedule_view.py:2921 Buffer layer /model.22/Sigmoid (202)
2026-04-16 02:03:19,726     INFO [client_id=n/a] 138317887870656 fxml_schedule_view.py:2921 Buffer layer /model.22/Sigmoid (202)
2026-04-16 02:03:19,726     INFO [client_id=n/a] 138317887870656 fxml_schedule_view.py:2921 Buffer layer /model.22/Sigmoid (202)
2026-04-16 02:03:19,727     INFO [client_id=n/a] 138317887870656 fxml_schedule_view.py:2921 Buffer layer /model.22/Sigmoid (202)
2026-04-16 02:03:19,727     INFO [client_id=n/a] 138317887870656 fxml_schedule_view.py:2921 Buffer layer /model.22/Sigmoid (202)
2026-04-16 02:03:19,728     INFO [client_id=n/a] 138317887870656 fxml_schedule_view.py:2921 Buffer layer /model.22/Sigmoid (202)
2026-04-16 02:03:19,728     INFO [client_id=n/a] 138317887870656 fxml_schedule_view.py:2921 Buffer layer /model.22/Sigmoid (202)
2026-04-16 02:03:19,729     INFO [client_id=n/a] 138317887870656 fxml_schedule_view.py:2921 Buffer layer /model.22/Sigmoid (202)
2026-04-16 02:03:19,729     INFO [client_id=n/a] 138317887870656 fxml_schedule_view.py:2921 Buffer layer /model.22/Sigmoid (202)
2026-04-16 02:03:19,730     INFO [client_id=n/a] 138317887870656 fxml_schedule_view.py:2921 Buffer layer /model.22/Sigmoid (202)
2026-04-16 02:03:19,731     INFO [client_id=n/a] 138317887870656 fxml_schedule_view.py:2921 Buffer layer /model.22/Sigmoid (202)
2026-04-16 02:03:19,731     INFO [client_id=n/a] 138317887870656 fxml_schedule_view.py:2921 Buffer layer /model.22/Sigmoid (202)
2026-04-16 02:03:19,731     INFO [client_id=n/a] 138317887870656 fxml_schedule_view.py:2921 Buffer layer /model.22/Sigmoid (202)
2026-04-16 02:03:19,732     INFO [client_id=n/a] 138317887870656 fxml_schedule_view.py:2921 Buffer layer /model.22/Sigmoid (202)
2026-04-16 02:03:19,733     INFO [client_id=n/a] 138317887870656 fxml_schedule_view.py:2921 Buffer layer /model.22/Sigmoid (202)
2026-04-16 02:03:19,733     INFO [client_id=n/a] 138317887870656 fxml_schedule_view.py:2921 Buffer layer /model.22/Sigmoid (202)
2026-04-16 02:03:19,733     INFO [client_id=n/a] 138317887870656 fxml_schedule_view.py:2921 Buffer layer /model.22/Sigmoid (202)
2026-04-16 02:03:19,734     INFO [client_id=n/a] 138317887870656 fxml_schedule_view.py:2921 Buffer layer /model.22/Sigmoid (202)
2026-04-16 02:03:19,734     INFO [client_id=n/a] 138317887870656 fxml_schedule_view.py:2921 Buffer layer /model.22/Sigmoid (202)
2026-04-16 02:03:19,735     INFO [client_id=n/a] 138317887870656 fxml_schedule_view.py:2921 Buffer layer /model.22/Sigmoid (202)
2026-04-16 02:03:19,735     INFO [client_id=n/a] 138317887870656 fxml_schedule_view.py:2921 Buffer layer /model.22/Sigmoid (202)
2026-04-16 02:03:19,736     INFO [client_id=n/a] 138317887870656 fxml_schedule_view.py:2921 Buffer layer /model.22/Sigmoid (202)
2026-04-16 02:03:19,736     INFO [client_id=n/a] 138317887870656 fxml_schedule_view.py:2921 Buffer layer /model.22/Sigmoid (202)
2026-04-16 02:03:19,737     INFO [client_id=n/a] 138317887870656 fxml_schedule_view.py:2921 Buffer layer /model.22/Sigmoid (202)
2026-04-16 02:03:19,737     INFO [client_id=n/a] 138317887870656 fxml_schedule_view.py:2921 Buffer layer /model.22/Sigmoid (202)
2026-04-16 02:03:19,835     INFO [client_id=n/a] 138317887870656 fxml_schedule_view.py:2921 Buffer layer /model.22/Sigmoid (202)
2026-04-16 02:03:19,835     INFO [client_id=n/a] 138317887870656 fxml_schedule_view.py:2921 Buffer layer /model.22/Sigmoid (202)
2026-04-16 02:03:19,836     INFO [client_id=n/a] 138317887870656 fxml_schedule_view.py:2921 Buffer layer /model.22/Sigmoid (202)
2026-04-16 02:03:19,836     INFO [client_id=n/a] 138317887870656 fxml_schedule_view.py:2921 Buffer layer /model.22/Sigmoid (202)
2026-04-16 02:03:19,837     INFO [client_id=n/a] 138317887870656 fxml_schedule_view.py:2921 Buffer layer /model.22/Sigmoid (202)
2026-04-16 02:03:19,837     INFO [client_id=n/a] 138317887870656 fxml_schedule_view.py:2921 Buffer layer /model.22/Sigmoid (202)
2026-04-16 02:03:19,838     INFO [client_id=n/a] 138317887870656 fxml_schedule_view.py:2921 Buffer layer /model.22/Sigmoid (202)
2026-04-16 02:03:19,838     INFO [client_id=n/a] 138317887870656 fxml_schedule_view.py:2921 Buffer layer /model.22/Sigmoid (202)
2026-04-16 02:03:19,839     INFO [client_id=n/a] 138317887870656 fxml_schedule_view.py:2921 Buffer layer /model.22/Sigmoid (202)
2026-04-16 02:03:19,839     INFO [client_id=n/a] 138317887870656 fxml_schedule_view.py:2921 Buffer layer /model.22/Sigmoid (202)
2026-04-16 02:03:19,840     INFO [client_id=n/a] 138317887870656 fxml_schedule_view.py:2921 Buffer layer /model.22/Sigmoid (202)
2026-04-16 02:03:19,841     INFO [client_id=n/a] 138317887870656 fxml_schedule_view.py:2921 Buffer layer /model.22/Sigmoid (202)
2026-04-16 02:03:19,841     INFO [client_id=n/a] 138317887870656 fxml_schedule_view.py:2921 Buffer layer /model.22/Sigmoid (202)
2026-04-16 02:03:19,841     INFO [client_id=n/a] 138317887870656 fxml_schedule_view.py:2921 Buffer layer /model.22/Sigmoid (202)
2026-04-16 02:03:19,842     INFO [client_id=n/a] 138317887870656 fxml_schedule_view.py:2921 Buffer layer /model.22/Sigmoid (202)
2026-04-16 02:03:19,842     INFO [client_id=n/a] 138317887870656 fxml_schedule_view.py:2921 Buffer layer /model.22/Sigmoid (202)
2026-04-16 02:03:19,843     INFO [client_id=n/a] 138317887870656 fxml_schedule_view.py:2921 Buffer layer /model.22/Sigmoid (202)
2026-04-16 02:03:19,844     INFO [client_id=n/a] 138317887870656 fxml_schedule_view.py:2921 Buffer layer /model.22/Sigmoid (202)
2026-04-16 02:03:19,844     INFO [client_id=n/a] 138317887870656 fxml_schedule_view.py:2921 Buffer layer /model.22/Sigmoid (202)
2026-04-16 02:03:19,844     INFO [client_id=n/a] 138317887870656 fxml_schedule_view.py:2921 Buffer layer /model.22/Sigmoid (202)
2026-04-16 02:03:19,845     INFO [client_id=n/a] 138317887870656 fxml_schedule_view.py:2921 Buffer layer /model.22/Sigmoid (202)
2026-04-16 02:03:19,845     INFO [client_id=n/a] 138317887870656 fxml_schedule_view.py:2921 Buffer layer /model.22/Sigmoid (202)
2026-04-16 02:03:19,846     INFO [client_id=n/a] 138317887870656 fxml_schedule_view.py:2921 Buffer layer /model.22/Sigmoid (202)
2026-04-16 02:03:25,121     INFO [client_id=n/a] 138317887870656 server.py:35 AI Analyzer 1.7.0.dev20260130181427+g301504b8 serving on http://0.0.0.0:8000/dashboard?token=H9XMGllwsDw3yGDJ83nz7iVmyAjNNCsdQgIn3nFYM (Press CTRL+C to quit)
2026-04-16 03:19:21,132     INFO [client_id=n/a] 133917750326976 json_aie_record_timer.py:318 /model.22/Split_1_Duplicated#1 layer not found
2026-04-16 03:19:21,132     INFO [client_id=n/a] 133917750326976 json_aie_record_timer.py:318 /model.22/Split_1_Duplicated#0 layer not found
2026-04-16 03:19:21,234     INFO [client_id=n/a] 133917750326976 fxml_schedule_view.py:2921 Buffer layer /model.22/Sigmoid (202)
2026-04-16 03:19:21,234     INFO [client_id=n/a] 133917750326976 fxml_schedule_view.py:2921 Buffer layer /model.22/Sigmoid (202)
2026-04-16 03:19:21,235     INFO [client_id=n/a] 133917750326976 fxml_schedule_view.py:2921 Buffer layer /model.22/Sigmoid (202)
2026-04-16 03:19:21,235     INFO [client_id=n/a] 133917750326976 fxml_schedule_view.py:2921 Buffer layer /model.22/Sigmoid (202)
2026-04-16 03:19:21,236     INFO [client_id=n/a] 133917750326976 fxml_schedule_view.py:2921 Buffer layer /model.22/Sigmoid (202)
2026-04-16 03:19:21,236     INFO [client_id=n/a] 133917750326976 fxml_schedule_view.py:2921 Buffer layer /model.22/Sigmoid (202)
2026-04-16 03:19:21,236     INFO [client_id=n/a] 133917750326976 fxml_schedule_view.py:2921 Buffer layer /model.22/Sigmoid (202)
2026-04-16 03:19:21,237     INFO [client_id=n/a] 133917750326976 fxml_schedule_view.py:2921 Buffer layer /model.22/Sigmoid (202)
2026-04-16 03:19:21,237     INFO [client_id=n/a] 133917750326976 fxml_schedule_view.py:2921 Buffer layer /model.22/Sigmoid (202)
2026-04-16 03:19:21,238     INFO [client_id=n/a] 133917750326976 fxml_schedule_view.py:2921 Buffer layer /model.22/Sigmoid (202)
2026-04-16 03:19:21,238     INFO [client_id=n/a] 133917750326976 fxml_schedule_view.py:2921 Buffer layer /model.22/Sigmoid (202)
2026-04-16 03:19:21,239     INFO [client_id=n/a] 133917750326976 fxml_schedule_view.py:2921 Buffer layer /model.22/Sigmoid (202)
2026-04-16 03:19:21,239     INFO [client_id=n/a] 133917750326976 fxml_schedule_view.py:2921 Buffer layer /model.22/Sigmoid (202)
2026-04-16 03:19:21,240     INFO [client_id=n/a] 133917750326976 fxml_schedule_view.py:2921 Buffer layer /model.22/Sigmoid (202)
2026-04-16 03:19:21,240     INFO [client_id=n/a] 133917750326976 fxml_schedule_view.py:2921 Buffer layer /model.22/Sigmoid (202)
2026-04-16 03:19:21,318     INFO [client_id=n/a] 133917750326976 fxml_schedule_view.py:2921 Buffer layer /model.22/Sigmoid (202)
2026-04-16 03:19:21,319     INFO [client_id=n/a] 133917750326976 fxml_schedule_view.py:2921 Buffer layer /model.22/Sigmoid (202)
2026-04-16 03:19:21,319     INFO [client_id=n/a] 133917750326976 fxml_schedule_view.py:2921 Buffer layer /model.22/Sigmoid (202)
2026-04-16 03:19:21,320     INFO [client_id=n/a] 133917750326976 fxml_schedule_view.py:2921 Buffer layer /model.22/Sigmoid (202)
2026-04-16 03:19:21,320     INFO [client_id=n/a] 133917750326976 fxml_schedule_view.py:2921 Buffer layer /model.22/Sigmoid (202)
2026-04-16 03:19:21,321     INFO [client_id=n/a] 133917750326976 fxml_schedule_view.py:2921 Buffer layer /model.22/Sigmoid (202)
2026-04-16 03:19:21,322     INFO [client_id=n/a] 133917750326976 fxml_schedule_view.py:2921 Buffer layer /model.22/Sigmoid (202)
2026-04-16 03:19:21,322     INFO [client_id=n/a] 133917750326976 fxml_schedule_view.py:2921 Buffer layer /model.22/Sigmoid (202)
2026-04-16 03:19:21,323     INFO [client_id=n/a] 133917750326976 fxml_schedule_view.py:2921 Buffer layer /model.22/Sigmoid (202)
2026-04-16 03:19:21,323     INFO [client_id=n/a] 133917750326976 fxml_schedule_view.py:2921 Buffer layer /model.22/Sigmoid (202)
2026-04-16 03:19:21,324     INFO [client_id=n/a] 133917750326976 fxml_schedule_view.py:2921 Buffer layer /model.22/Sigmoid (202)
2026-04-16 03:19:21,324     INFO [client_id=n/a] 133917750326976 fxml_schedule_view.py:2921 Buffer layer /model.22/Sigmoid (202)
2026-04-16 03:19:21,325     INFO [client_id=n/a] 133917750326976 fxml_schedule_view.py:2921 Buffer layer /model.22/Sigmoid (202)
2026-04-16 03:19:21,325     INFO [client_id=n/a] 133917750326976 fxml_schedule_view.py:2921 Buffer layer /model.22/Sigmoid (202)
2026-04-16 03:19:21,326     INFO [client_id=n/a] 133917750326976 fxml_schedule_view.py:2921 Buffer layer /model.22/Sigmoid (202)
2026-04-16 03:19:21,326     INFO [client_id=n/a] 133917750326976 fxml_schedule_view.py:2921 Buffer layer /model.22/Sigmoid (202)
2026-04-16 03:19:21,327     INFO [client_id=n/a] 133917750326976 fxml_schedule_view.py:2921 Buffer layer /model.22/Sigmoid (202)
2026-04-16 03:19:21,327     INFO [client_id=n/a] 133917750326976 fxml_schedule_view.py:2921 Buffer layer /model.22/Sigmoid (202)
2026-04-16 03:19:21,328     INFO [client_id=n/a] 133917750326976 fxml_schedule_view.py:2921 Buffer layer /model.22/Sigmoid (202)
2026-04-16 03:19:21,328     INFO [client_id=n/a] 133917750326976 fxml_schedule_view.py:2921 Buffer layer /model.22/Sigmoid (202)
2026-04-16 03:19:21,329     INFO [client_id=n/a] 133917750326976 fxml_schedule_view.py:2921 Buffer layer /model.22/Sigmoid (202)
2026-04-16 03:19:21,329     INFO [client_id=n/a] 133917750326976 fxml_schedule_view.py:2921 Buffer layer /model.22/Sigmoid (202)
2026-04-16 03:19:21,330     INFO [client_id=n/a] 133917750326976 fxml_schedule_view.py:2921 Buffer layer /model.22/Sigmoid (202)
2026-04-16 03:19:21,330     INFO [client_id=n/a] 133917750326976 fxml_schedule_view.py:2921 Buffer layer /model.22/Sigmoid (202)
2026-04-16 03:19:21,330     INFO [client_id=n/a] 133917750326976 fxml_schedule_view.py:2921 Buffer layer /model.22/Sigmoid (202)
2026-04-16 03:19:21,331     INFO [client_id=n/a] 133917750326976 fxml_schedule_view.py:2921 Buffer layer /model.22/Sigmoid (202)
2026-04-16 03:19:21,331     INFO [client_id=n/a] 133917750326976 fxml_schedule_view.py:2921 Buffer layer /model.22/Sigmoid (202)
2026-04-16 03:19:21,332     INFO [client_id=n/a] 133917750326976 fxml_schedule_view.py:2921 Buffer layer /model.22/Sigmoid (202)
2026-04-16 03:19:21,332     INFO [client_id=n/a] 133917750326976 fxml_schedule_view.py:2921 Buffer layer /model.22/Sigmoid (202)
2026-04-16 03:19:21,333     INFO [client_id=n/a] 133917750326976 fxml_schedule_view.py:2921 Buffer layer /model.22/Sigmoid (202)
2026-04-16 03:19:21,333     INFO [client_id=n/a] 133917750326976 fxml_schedule_view.py:2921 Buffer layer /model.22/Sigmoid (202)
2026-04-16 03:19:21,333     INFO [client_id=n/a] 133917750326976 fxml_schedule_view.py:2921 Buffer layer /model.22/Sigmoid (202)
2026-04-16 03:19:21,334     INFO [client_id=n/a] 133917750326976 fxml_schedule_view.py:2921 Buffer layer /model.22/Sigmoid (202)
2026-04-16 03:19:21,335     INFO [client_id=n/a] 133917750326976 fxml_schedule_view.py:2921 Buffer layer /model.22/Sigmoid (202)
2026-04-16 03:19:21,335     INFO [client_id=n/a] 133917750326976 fxml_schedule_view.py:2921 Buffer layer /model.22/Sigmoid (202)
2026-04-16 03:19:21,335     INFO [client_id=n/a] 133917750326976 fxml_schedule_view.py:2921 Buffer layer /model.22/Sigmoid (202)
2026-04-16 03:19:21,336     INFO [client_id=n/a] 133917750326976 fxml_schedule_view.py:2921 Buffer layer /model.22/Sigmoid (202)
2026-04-16 03:19:21,336     INFO [client_id=n/a] 133917750326976 fxml_schedule_view.py:2921 Buffer layer /model.22/Sigmoid (202)
2026-04-16 03:19:21,337     INFO [client_id=n/a] 133917750326976 fxml_schedule_view.py:2921 Buffer layer /model.22/Sigmoid (202)
2026-04-16 03:19:21,338     INFO [client_id=n/a] 133917750326976 fxml_schedule_view.py:2921 Buffer layer /model.22/Sigmoid (202)
2026-04-16 03:19:21,338     INFO [client_id=n/a] 133917750326976 fxml_schedule_view.py:2921 Buffer layer /model.22/Sigmoid (202)
2026-04-16 03:19:21,339     INFO [client_id=n/a] 133917750326976 fxml_schedule_view.py:2921 Buffer layer /model.22/Sigmoid (202)
2026-04-16 03:19:21,339     INFO [client_id=n/a] 133917750326976 fxml_schedule_view.py:2921 Buffer layer /model.22/Sigmoid (202)
2026-04-16 03:19:21,340     INFO [client_id=n/a] 133917750326976 fxml_schedule_view.py:2921 Buffer layer /model.22/Sigmoid (202)
2026-04-16 03:19:21,341     INFO [client_id=n/a] 133917750326976 fxml_schedule_view.py:2921 Buffer layer /model.22/Sigmoid (202)
2026-04-16 03:19:21,341     INFO [client_id=n/a] 133917750326976 fxml_schedule_view.py:2921 Buffer layer /model.22/Sigmoid (202)
2026-04-16 03:19:21,342     INFO [client_id=n/a] 133917750326976 fxml_schedule_view.py:2921 Buffer layer /model.22/Sigmoid (202)
2026-04-16 03:19:21,342     INFO [client_id=n/a] 133917750326976 fxml_schedule_view.py:2921 Buffer layer /model.22/Sigmoid (202)
2026-04-16 03:19:21,343     INFO [client_id=n/a] 133917750326976 fxml_schedule_view.py:2921 Buffer layer /model.22/Sigmoid (202)
2026-04-16 03:19:21,343     INFO [client_id=n/a] 133917750326976 fxml_schedule_view.py:2921 Buffer layer /model.22/Sigmoid (202)
2026-04-16 03:19:21,344     INFO [client_id=n/a] 133917750326976 fxml_schedule_view.py:2921 Buffer layer /model.22/Sigmoid (202)
2026-04-16 03:19:21,345     INFO [client_id=n/a] 133917750326976 fxml_schedule_view.py:2921 Buffer layer /model.22/Sigmoid (202)
2026-04-16 03:19:21,345     INFO [client_id=n/a] 133917750326976 fxml_schedule_view.py:2921 Buffer layer /model.22/Sigmoid (202)
2026-04-16 03:19:21,346     INFO [client_id=n/a] 133917750326976 fxml_schedule_view.py:2921 Buffer layer /model.22/Sigmoid (202)
2026-04-16 03:19:21,346     INFO [client_id=n/a] 133917750326976 fxml_schedule_view.py:2921 Buffer layer /model.22/Sigmoid (202)
2026-04-16 03:19:21,347     INFO [client_id=n/a] 133917750326976 fxml_schedule_view.py:2921 Buffer layer /model.22/Sigmoid (202)
2026-04-16 03:19:21,347     INFO [client_id=n/a] 133917750326976 fxml_schedule_view.py:2921 Buffer layer /model.22/Sigmoid (202)
2026-04-16 03:19:21,348     INFO [client_id=n/a] 133917750326976 fxml_schedule_view.py:2921 Buffer layer /model.22/Sigmoid (202)
2026-04-16 03:19:21,348     INFO [client_id=n/a] 133917750326976 fxml_schedule_view.py:2921 Buffer layer /model.22/Sigmoid (202)
2026-04-16 03:19:21,349     INFO [client_id=n/a] 133917750326976 fxml_schedule_view.py:2921 Buffer layer /model.22/Sigmoid (202)
2026-04-16 03:19:21,440     INFO [client_id=n/a] 133917750326976 fxml_schedule_view.py:2921 Buffer layer /model.22/Sigmoid (202)
2026-04-16 03:19:21,440     INFO [client_id=n/a] 133917750326976 fxml_schedule_view.py:2921 Buffer layer /model.22/Sigmoid (202)
2026-04-16 03:19:21,441     INFO [client_id=n/a] 133917750326976 fxml_schedule_view.py:2921 Buffer layer /model.22/Sigmoid (202)
2026-04-16 03:19:21,442     INFO [client_id=n/a] 133917750326976 fxml_schedule_view.py:2921 Buffer layer /model.22/Sigmoid (202)
2026-04-16 03:19:21,442     INFO [client_id=n/a] 133917750326976 fxml_schedule_view.py:2921 Buffer layer /model.22/Sigmoid (202)
2026-04-16 03:19:21,443     INFO [client_id=n/a] 133917750326976 fxml_schedule_view.py:2921 Buffer layer /model.22/Sigmoid (202)
2026-04-16 03:19:21,443     INFO [client_id=n/a] 133917750326976 fxml_schedule_view.py:2921 Buffer layer /model.22/Sigmoid (202)
2026-04-16 03:19:21,444     INFO [client_id=n/a] 133917750326976 fxml_schedule_view.py:2921 Buffer layer /model.22/Sigmoid (202)
2026-04-16 03:19:21,444     INFO [client_id=n/a] 133917750326976 fxml_schedule_view.py:2921 Buffer layer /model.22/Sigmoid (202)
2026-04-16 03:19:21,445     INFO [client_id=n/a] 133917750326976 fxml_schedule_view.py:2921 Buffer layer /model.22/Sigmoid (202)
2026-04-16 03:19:21,445     INFO [client_id=n/a] 133917750326976 fxml_schedule_view.py:2921 Buffer layer /model.22/Sigmoid (202)
2026-04-16 03:19:21,446     INFO [client_id=n/a] 133917750326976 fxml_schedule_view.py:2921 Buffer layer /model.22/Sigmoid (202)
2026-04-16 03:19:21,447     INFO [client_id=n/a] 133917750326976 fxml_schedule_view.py:2921 Buffer layer /model.22/Sigmoid (202)
2026-04-16 03:19:21,447     INFO [client_id=n/a] 133917750326976 fxml_schedule_view.py:2921 Buffer layer /model.22/Sigmoid (202)
2026-04-16 03:19:21,448     INFO [client_id=n/a] 133917750326976 fxml_schedule_view.py:2921 Buffer layer /model.22/Sigmoid (202)
2026-04-16 03:19:21,448     INFO [client_id=n/a] 133917750326976 fxml_schedule_view.py:2921 Buffer layer /model.22/Sigmoid (202)
2026-04-16 03:19:21,449     INFO [client_id=n/a] 133917750326976 fxml_schedule_view.py:2921 Buffer layer /model.22/Sigmoid (202)
2026-04-16 03:19:21,450     INFO [client_id=n/a] 133917750326976 fxml_schedule_view.py:2921 Buffer layer /model.22/Sigmoid (202)
2026-04-16 03:19:21,450     INFO [client_id=n/a] 133917750326976 fxml_schedule_view.py:2921 Buffer layer /model.22/Sigmoid (202)
2026-04-16 03:19:21,451     INFO [client_id=n/a] 133917750326976 fxml_schedule_view.py:2921 Buffer layer /model.22/Sigmoid (202)
2026-04-16 03:19:21,451     INFO [client_id=n/a] 133917750326976 fxml_schedule_view.py:2921 Buffer layer /model.22/Sigmoid (202)
2026-04-16 03:19:21,452     INFO [client_id=n/a] 133917750326976 fxml_schedule_view.py:2921 Buffer layer /model.22/Sigmoid (202)
2026-04-16 03:19:21,453     INFO [client_id=n/a] 133917750326976 fxml_schedule_view.py:2921 Buffer layer /model.22/Sigmoid (202)
2026-04-16 03:19:26,470     INFO [client_id=n/a] 133917750326976 server.py:35 AI Analyzer 1.7.0.dev20260130181427+g301504b8 serving on http://0.0.0.0:8000/dashboard?token=urejB9dEtwGvry5qeEMz8lD9Itxekc5cugYZELLMU (Press CTRL+C to quit)
2026-04-16 11:45:06,016     INFO [client_id=n/a] 123579909969600 json_aie_record_timer.py:318 /model.22/Split_1_Duplicated#1 layer not found
2026-04-16 11:45:06,016     INFO [client_id=n/a] 123579909969600 json_aie_record_timer.py:318 /model.22/Split_1_Duplicated#0 layer not found
2026-04-16 11:45:06,122     INFO [client_id=n/a] 123579909969600 fxml_schedule_view.py:2921 Buffer layer /model.22/Sigmoid (202)
2026-04-16 11:45:06,123     INFO [client_id=n/a] 123579909969600 fxml_schedule_view.py:2921 Buffer layer /model.22/Sigmoid (202)
2026-04-16 11:45:06,123     INFO [client_id=n/a] 123579909969600 fxml_schedule_view.py:2921 Buffer layer /model.22/Sigmoid (202)
2026-04-16 11:45:06,124     INFO [client_id=n/a] 123579909969600 fxml_schedule_view.py:2921 Buffer layer /model.22/Sigmoid (202)
2026-04-16 11:45:06,125     INFO [client_id=n/a] 123579909969600 fxml_schedule_view.py:2921 Buffer layer /model.22/Sigmoid (202)
2026-04-16 11:45:06,125     INFO [client_id=n/a] 123579909969600 fxml_schedule_view.py:2921 Buffer layer /model.22/Sigmoid (202)
2026-04-16 11:45:06,125     INFO [client_id=n/a] 123579909969600 fxml_schedule_view.py:2921 Buffer layer /model.22/Sigmoid (202)
2026-04-16 11:45:06,126     INFO [client_id=n/a] 123579909969600 fxml_schedule_view.py:2921 Buffer layer /model.22/Sigmoid (202)
2026-04-16 11:45:06,126     INFO [client_id=n/a] 123579909969600 fxml_schedule_view.py:2921 Buffer layer /model.22/Sigmoid (202)
2026-04-16 11:45:06,127     INFO [client_id=n/a] 123579909969600 fxml_schedule_view.py:2921 Buffer layer /model.22/Sigmoid (202)
2026-04-16 11:45:06,127     INFO [client_id=n/a] 123579909969600 fxml_schedule_view.py:2921 Buffer layer /model.22/Sigmoid (202)
2026-04-16 11:45:06,128     INFO [client_id=n/a] 123579909969600 fxml_schedule_view.py:2921 Buffer layer /model.22/Sigmoid (202)
2026-04-16 11:45:06,128     INFO [client_id=n/a] 123579909969600 fxml_schedule_view.py:2921 Buffer layer /model.22/Sigmoid (202)
2026-04-16 11:45:06,129     INFO [client_id=n/a] 123579909969600 fxml_schedule_view.py:2921 Buffer layer /model.22/Sigmoid (202)
2026-04-16 11:45:06,129     INFO [client_id=n/a] 123579909969600 fxml_schedule_view.py:2921 Buffer layer /model.22/Sigmoid (202)
2026-04-16 11:45:06,201     INFO [client_id=n/a] 123579909969600 fxml_schedule_view.py:2921 Buffer layer /model.22/Sigmoid (202)
2026-04-16 11:45:06,201     INFO [client_id=n/a] 123579909969600 fxml_schedule_view.py:2921 Buffer layer /model.22/Sigmoid (202)
2026-04-16 11:45:06,202     INFO [client_id=n/a] 123579909969600 fxml_schedule_view.py:2921 Buffer layer /model.22/Sigmoid (202)
2026-04-16 11:45:06,202     INFO [client_id=n/a] 123579909969600 fxml_schedule_view.py:2921 Buffer layer /model.22/Sigmoid (202)
2026-04-16 11:45:06,203     INFO [client_id=n/a] 123579909969600 fxml_schedule_view.py:2921 Buffer layer /model.22/Sigmoid (202)
2026-04-16 11:45:06,203     INFO [client_id=n/a] 123579909969600 fxml_schedule_view.py:2921 Buffer layer /model.22/Sigmoid (202)
2026-04-16 11:45:06,204     INFO [client_id=n/a] 123579909969600 fxml_schedule_view.py:2921 Buffer layer /model.22/Sigmoid (202)
2026-04-16 11:45:06,204     INFO [client_id=n/a] 123579909969600 fxml_schedule_view.py:2921 Buffer layer /model.22/Sigmoid (202)
2026-04-16 11:45:06,205     INFO [client_id=n/a] 123579909969600 fxml_schedule_view.py:2921 Buffer layer /model.22/Sigmoid (202)
2026-04-16 11:45:06,205     INFO [client_id=n/a] 123579909969600 fxml_schedule_view.py:2921 Buffer layer /model.22/Sigmoid (202)
2026-04-16 11:45:06,206     INFO [client_id=n/a] 123579909969600 fxml_schedule_view.py:2921 Buffer layer /model.22/Sigmoid (202)
2026-04-16 11:45:06,206     INFO [client_id=n/a] 123579909969600 fxml_schedule_view.py:2921 Buffer layer /model.22/Sigmoid (202)
2026-04-16 11:45:06,207     INFO [client_id=n/a] 123579909969600 fxml_schedule_view.py:2921 Buffer layer /model.22/Sigmoid (202)
2026-04-16 11:45:06,207     INFO [client_id=n/a] 123579909969600 fxml_schedule_view.py:2921 Buffer layer /model.22/Sigmoid (202)
2026-04-16 11:45:06,208     INFO [client_id=n/a] 123579909969600 fxml_schedule_view.py:2921 Buffer layer /model.22/Sigmoid (202)
2026-04-16 11:45:06,208     INFO [client_id=n/a] 123579909969600 fxml_schedule_view.py:2921 Buffer layer /model.22/Sigmoid (202)
2026-04-16 11:45:06,209     INFO [client_id=n/a] 123579909969600 fxml_schedule_view.py:2921 Buffer layer /model.22/Sigmoid (202)
2026-04-16 11:45:06,209     INFO [client_id=n/a] 123579909969600 fxml_schedule_view.py:2921 Buffer layer /model.22/Sigmoid (202)
2026-04-16 11:45:06,210     INFO [client_id=n/a] 123579909969600 fxml_schedule_view.py:2921 Buffer layer /model.22/Sigmoid (202)
2026-04-16 11:45:06,210     INFO [client_id=n/a] 123579909969600 fxml_schedule_view.py:2921 Buffer layer /model.22/Sigmoid (202)
2026-04-16 11:45:06,210     INFO [client_id=n/a] 123579909969600 fxml_schedule_view.py:2921 Buffer layer /model.22/Sigmoid (202)
2026-04-16 11:45:06,211     INFO [client_id=n/a] 123579909969600 fxml_schedule_view.py:2921 Buffer layer /model.22/Sigmoid (202)
2026-04-16 11:45:06,211     INFO [client_id=n/a] 123579909969600 fxml_schedule_view.py:2921 Buffer layer /model.22/Sigmoid (202)
2026-04-16 11:45:06,212     INFO [client_id=n/a] 123579909969600 fxml_schedule_view.py:2921 Buffer layer /model.22/Sigmoid (202)
2026-04-16 11:45:06,212     INFO [client_id=n/a] 123579909969600 fxml_schedule_view.py:2921 Buffer layer /model.22/Sigmoid (202)
2026-04-16 11:45:06,213     INFO [client_id=n/a] 123579909969600 fxml_schedule_view.py:2921 Buffer layer /model.22/Sigmoid (202)
2026-04-16 11:45:06,213     INFO [client_id=n/a] 123579909969600 fxml_schedule_view.py:2921 Buffer layer /model.22/Sigmoid (202)
2026-04-16 11:45:06,214     INFO [client_id=n/a] 123579909969600 fxml_schedule_view.py:2921 Buffer layer /model.22/Sigmoid (202)
2026-04-16 11:45:06,214     INFO [client_id=n/a] 123579909969600 fxml_schedule_view.py:2921 Buffer layer /model.22/Sigmoid (202)
2026-04-16 11:45:06,215     INFO [client_id=n/a] 123579909969600 fxml_schedule_view.py:2921 Buffer layer /model.22/Sigmoid (202)
2026-04-16 11:45:06,215     INFO [client_id=n/a] 123579909969600 fxml_schedule_view.py:2921 Buffer layer /model.22/Sigmoid (202)
2026-04-16 11:45:06,215     INFO [client_id=n/a] 123579909969600 fxml_schedule_view.py:2921 Buffer layer /model.22/Sigmoid (202)
2026-04-16 11:45:06,216     INFO [client_id=n/a] 123579909969600 fxml_schedule_view.py:2921 Buffer layer /model.22/Sigmoid (202)
2026-04-16 11:45:06,216     INFO [client_id=n/a] 123579909969600 fxml_schedule_view.py:2921 Buffer layer /model.22/Sigmoid (202)
2026-04-16 11:45:06,217     INFO [client_id=n/a] 123579909969600 fxml_schedule_view.py:2921 Buffer layer /model.22/Sigmoid (202)
2026-04-16 11:45:06,217     INFO [client_id=n/a] 123579909969600 fxml_schedule_view.py:2921 Buffer layer /model.22/Sigmoid (202)
2026-04-16 11:45:06,218     INFO [client_id=n/a] 123579909969600 fxml_schedule_view.py:2921 Buffer layer /model.22/Sigmoid (202)
2026-04-16 11:45:06,218     INFO [client_id=n/a] 123579909969600 fxml_schedule_view.py:2921 Buffer layer /model.22/Sigmoid (202)
2026-04-16 11:45:06,219     INFO [client_id=n/a] 123579909969600 fxml_schedule_view.py:2921 Buffer layer /model.22/Sigmoid (202)
2026-04-16 11:45:06,219     INFO [client_id=n/a] 123579909969600 fxml_schedule_view.py:2921 Buffer layer /model.22/Sigmoid (202)
2026-04-16 11:45:06,220     INFO [client_id=n/a] 123579909969600 fxml_schedule_view.py:2921 Buffer layer /model.22/Sigmoid (202)
2026-04-16 11:45:06,220     INFO [client_id=n/a] 123579909969600 fxml_schedule_view.py:2921 Buffer layer /model.22/Sigmoid (202)
2026-04-16 11:45:06,221     INFO [client_id=n/a] 123579909969600 fxml_schedule_view.py:2921 Buffer layer /model.22/Sigmoid (202)
2026-04-16 11:45:06,221     INFO [client_id=n/a] 123579909969600 fxml_schedule_view.py:2921 Buffer layer /model.22/Sigmoid (202)
2026-04-16 11:45:06,222     INFO [client_id=n/a] 123579909969600 fxml_schedule_view.py:2921 Buffer layer /model.22/Sigmoid (202)
2026-04-16 11:45:06,222     INFO [client_id=n/a] 123579909969600 fxml_schedule_view.py:2921 Buffer layer /model.22/Sigmoid (202)
2026-04-16 11:45:06,223     INFO [client_id=n/a] 123579909969600 fxml_schedule_view.py:2921 Buffer layer /model.22/Sigmoid (202)
2026-04-16 11:45:06,223     INFO [client_id=n/a] 123579909969600 fxml_schedule_view.py:2921 Buffer layer /model.22/Sigmoid (202)
2026-04-16 11:45:06,224     INFO [client_id=n/a] 123579909969600 fxml_schedule_view.py:2921 Buffer layer /model.22/Sigmoid (202)
2026-04-16 11:45:06,224     INFO [client_id=n/a] 123579909969600 fxml_schedule_view.py:2921 Buffer layer /model.22/Sigmoid (202)
2026-04-16 11:45:06,225     INFO [client_id=n/a] 123579909969600 fxml_schedule_view.py:2921 Buffer layer /model.22/Sigmoid (202)
2026-04-16 11:45:06,225     INFO [client_id=n/a] 123579909969600 fxml_schedule_view.py:2921 Buffer layer /model.22/Sigmoid (202)
2026-04-16 11:45:06,226     INFO [client_id=n/a] 123579909969600 fxml_schedule_view.py:2921 Buffer layer /model.22/Sigmoid (202)
2026-04-16 11:45:06,226     INFO [client_id=n/a] 123579909969600 fxml_schedule_view.py:2921 Buffer layer /model.22/Sigmoid (202)
2026-04-16 11:45:06,227     INFO [client_id=n/a] 123579909969600 fxml_schedule_view.py:2921 Buffer layer /model.22/Sigmoid (202)
2026-04-16 11:45:06,228     INFO [client_id=n/a] 123579909969600 fxml_schedule_view.py:2921 Buffer layer /model.22/Sigmoid (202)
2026-04-16 11:45:06,228     INFO [client_id=n/a] 123579909969600 fxml_schedule_view.py:2921 Buffer layer /model.22/Sigmoid (202)
2026-04-16 11:45:06,229     INFO [client_id=n/a] 123579909969600 fxml_schedule_view.py:2921 Buffer layer /model.22/Sigmoid (202)
2026-04-16 11:45:06,229     INFO [client_id=n/a] 123579909969600 fxml_schedule_view.py:2921 Buffer layer /model.22/Sigmoid (202)
2026-04-16 11:45:06,230     INFO [client_id=n/a] 123579909969600 fxml_schedule_view.py:2921 Buffer layer /model.22/Sigmoid (202)
2026-04-16 11:45:06,322     INFO [client_id=n/a] 123579909969600 fxml_schedule_view.py:2921 Buffer layer /model.22/Sigmoid (202)
2026-04-16 11:45:06,323     INFO [client_id=n/a] 123579909969600 fxml_schedule_view.py:2921 Buffer layer /model.22/Sigmoid (202)
2026-04-16 11:45:06,324     INFO [client_id=n/a] 123579909969600 fxml_schedule_view.py:2921 Buffer layer /model.22/Sigmoid (202)
2026-04-16 11:45:06,324     INFO [client_id=n/a] 123579909969600 fxml_schedule_view.py:2921 Buffer layer /model.22/Sigmoid (202)
2026-04-16 11:45:06,324     INFO [client_id=n/a] 123579909969600 fxml_schedule_view.py:2921 Buffer layer /model.22/Sigmoid (202)
2026-04-16 11:45:06,325     INFO [client_id=n/a] 123579909969600 fxml_schedule_view.py:2921 Buffer layer /model.22/Sigmoid (202)
2026-04-16 11:45:06,326     INFO [client_id=n/a] 123579909969600 fxml_schedule_view.py:2921 Buffer layer /model.22/Sigmoid (202)
2026-04-16 11:45:06,326     INFO [client_id=n/a] 123579909969600 fxml_schedule_view.py:2921 Buffer layer /model.22/Sigmoid (202)
2026-04-16 11:45:06,327     INFO [client_id=n/a] 123579909969600 fxml_schedule_view.py:2921 Buffer layer /model.22/Sigmoid (202)
2026-04-16 11:45:06,327     INFO [client_id=n/a] 123579909969600 fxml_schedule_view.py:2921 Buffer layer /model.22/Sigmoid (202)
2026-04-16 11:45:06,328     INFO [client_id=n/a] 123579909969600 fxml_schedule_view.py:2921 Buffer layer /model.22/Sigmoid (202)
2026-04-16 11:45:06,328     INFO [client_id=n/a] 123579909969600 fxml_schedule_view.py:2921 Buffer layer /model.22/Sigmoid (202)
2026-04-16 11:45:06,329     INFO [client_id=n/a] 123579909969600 fxml_schedule_view.py:2921 Buffer layer /model.22/Sigmoid (202)
2026-04-16 11:45:06,329     INFO [client_id=n/a] 123579909969600 fxml_schedule_view.py:2921 Buffer layer /model.22/Sigmoid (202)
2026-04-16 11:45:06,330     INFO [client_id=n/a] 123579909969600 fxml_schedule_view.py:2921 Buffer layer /model.22/Sigmoid (202)
2026-04-16 11:45:06,331     INFO [client_id=n/a] 123579909969600 fxml_schedule_view.py:2921 Buffer layer /model.22/Sigmoid (202)
2026-04-16 11:45:06,332     INFO [client_id=n/a] 123579909969600 fxml_schedule_view.py:2921 Buffer layer /model.22/Sigmoid (202)
2026-04-16 11:45:06,333     INFO [client_id=n/a] 123579909969600 fxml_schedule_view.py:2921 Buffer layer /model.22/Sigmoid (202)
2026-04-16 11:45:06,334     INFO [client_id=n/a] 123579909969600 fxml_schedule_view.py:2921 Buffer layer /model.22/Sigmoid (202)
2026-04-16 11:45:06,334     INFO [client_id=n/a] 123579909969600 fxml_schedule_view.py:2921 Buffer layer /model.22/Sigmoid (202)
2026-04-16 11:45:06,335     INFO [client_id=n/a] 123579909969600 fxml_schedule_view.py:2921 Buffer layer /model.22/Sigmoid (202)
2026-04-16 11:45:06,336     INFO [client_id=n/a] 123579909969600 fxml_schedule_view.py:2921 Buffer layer /model.22/Sigmoid (202)
2026-04-16 11:45:06,337     INFO [client_id=n/a] 123579909969600 fxml_schedule_view.py:2921 Buffer layer /model.22/Sigmoid (202)
2026-04-16 11:45:11,351     INFO [client_id=n/a] 123579909969600 server.py:35 AI Analyzer 1.7.0.dev20260130181427+g301504b8 serving on http://0.0.0.0:8000/dashboard?token=i2kW0Lh0FArtH5bYTWIIgqfzRtEFGXflxnZK5bpy34 (Press CTRL+C to quit)
2026-04-16 13:47:37,220     INFO [client_id=n/a] 125275270543040 json_aie_record_timer.py:318 /model.22/Split_1_Duplicated#1 layer not found
2026-04-16 13:47:37,220     INFO [client_id=n/a] 125275270543040 json_aie_record_timer.py:318 /model.22/Split_1_Duplicated#0 layer not found
2026-04-16 13:47:37,323     INFO [client_id=n/a] 125275270543040 fxml_schedule_view.py:2921 Buffer layer /model.22/Sigmoid (202)
2026-04-16 13:47:37,323     INFO [client_id=n/a] 125275270543040 fxml_schedule_view.py:2921 Buffer layer /model.22/Sigmoid (202)
2026-04-16 13:47:37,324     INFO [client_id=n/a] 125275270543040 fxml_schedule_view.py:2921 Buffer layer /model.22/Sigmoid (202)
2026-04-16 13:47:37,324     INFO [client_id=n/a] 125275270543040 fxml_schedule_view.py:2921 Buffer layer /model.22/Sigmoid (202)
2026-04-16 13:47:37,325     INFO [client_id=n/a] 125275270543040 fxml_schedule_view.py:2921 Buffer layer /model.22/Sigmoid (202)
2026-04-16 13:47:37,325     INFO [client_id=n/a] 125275270543040 fxml_schedule_view.py:2921 Buffer layer /model.22/Sigmoid (202)
2026-04-16 13:47:37,326     INFO [client_id=n/a] 125275270543040 fxml_schedule_view.py:2921 Buffer layer /model.22/Sigmoid (202)
2026-04-16 13:47:37,326     INFO [client_id=n/a] 125275270543040 fxml_schedule_view.py:2921 Buffer layer /model.22/Sigmoid (202)
2026-04-16 13:47:37,326     INFO [client_id=n/a] 125275270543040 fxml_schedule_view.py:2921 Buffer layer /model.22/Sigmoid (202)
2026-04-16 13:47:37,327     INFO [client_id=n/a] 125275270543040 fxml_schedule_view.py:2921 Buffer layer /model.22/Sigmoid (202)
2026-04-16 13:47:37,328     INFO [client_id=n/a] 125275270543040 fxml_schedule_view.py:2921 Buffer layer /model.22/Sigmoid (202)
2026-04-16 13:47:37,328     INFO [client_id=n/a] 125275270543040 fxml_schedule_view.py:2921 Buffer layer /model.22/Sigmoid (202)
2026-04-16 13:47:37,328     INFO [client_id=n/a] 125275270543040 fxml_schedule_view.py:2921 Buffer layer /model.22/Sigmoid (202)
2026-04-16 13:47:37,329     INFO [client_id=n/a] 125275270543040 fxml_schedule_view.py:2921 Buffer layer /model.22/Sigmoid (202)
2026-04-16 13:47:37,329     INFO [client_id=n/a] 125275270543040 fxml_schedule_view.py:2921 Buffer layer /model.22/Sigmoid (202)
2026-04-16 13:47:37,405     INFO [client_id=n/a] 125275270543040 fxml_schedule_view.py:2921 Buffer layer /model.22/Sigmoid (202)
2026-04-16 13:47:37,406     INFO [client_id=n/a] 125275270543040 fxml_schedule_view.py:2921 Buffer layer /model.22/Sigmoid (202)
2026-04-16 13:47:37,406     INFO [client_id=n/a] 125275270543040 fxml_schedule_view.py:2921 Buffer layer /model.22/Sigmoid (202)
2026-04-16 13:47:37,407     INFO [client_id=n/a] 125275270543040 fxml_schedule_view.py:2921 Buffer layer /model.22/Sigmoid (202)
2026-04-16 13:47:37,407     INFO [client_id=n/a] 125275270543040 fxml_schedule_view.py:2921 Buffer layer /model.22/Sigmoid (202)
2026-04-16 13:47:37,408     INFO [client_id=n/a] 125275270543040 fxml_schedule_view.py:2921 Buffer layer /model.22/Sigmoid (202)
2026-04-16 13:47:37,409     INFO [client_id=n/a] 125275270543040 fxml_schedule_view.py:2921 Buffer layer /model.22/Sigmoid (202)
2026-04-16 13:47:37,409     INFO [client_id=n/a] 125275270543040 fxml_schedule_view.py:2921 Buffer layer /model.22/Sigmoid (202)
2026-04-16 13:47:37,409     INFO [client_id=n/a] 125275270543040 fxml_schedule_view.py:2921 Buffer layer /model.22/Sigmoid (202)
2026-04-16 13:47:37,410     INFO [client_id=n/a] 125275270543040 fxml_schedule_view.py:2921 Buffer layer /model.22/Sigmoid (202)
2026-04-16 13:47:37,410     INFO [client_id=n/a] 125275270543040 fxml_schedule_view.py:2921 Buffer layer /model.22/Sigmoid (202)
2026-04-16 13:47:37,411     INFO [client_id=n/a] 125275270543040 fxml_schedule_view.py:2921 Buffer layer /model.22/Sigmoid (202)
2026-04-16 13:47:37,411     INFO [client_id=n/a] 125275270543040 fxml_schedule_view.py:2921 Buffer layer /model.22/Sigmoid (202)
2026-04-16 13:47:37,412     INFO [client_id=n/a] 125275270543040 fxml_schedule_view.py:2921 Buffer layer /model.22/Sigmoid (202)
2026-04-16 13:47:37,412     INFO [client_id=n/a] 125275270543040 fxml_schedule_view.py:2921 Buffer layer /model.22/Sigmoid (202)
2026-04-16 13:47:37,413     INFO [client_id=n/a] 125275270543040 fxml_schedule_view.py:2921 Buffer layer /model.22/Sigmoid (202)
2026-04-16 13:47:37,413     INFO [client_id=n/a] 125275270543040 fxml_schedule_view.py:2921 Buffer layer /model.22/Sigmoid (202)
2026-04-16 13:47:37,414     INFO [client_id=n/a] 125275270543040 fxml_schedule_view.py:2921 Buffer layer /model.22/Sigmoid (202)
2026-04-16 13:47:37,414     INFO [client_id=n/a] 125275270543040 fxml_schedule_view.py:2921 Buffer layer /model.22/Sigmoid (202)
2026-04-16 13:47:37,414     INFO [client_id=n/a] 125275270543040 fxml_schedule_view.py:2921 Buffer layer /model.22/Sigmoid (202)
2026-04-16 13:47:37,415     INFO [client_id=n/a] 125275270543040 fxml_schedule_view.py:2921 Buffer layer /model.22/Sigmoid (202)
2026-04-16 13:47:37,415     INFO [client_id=n/a] 125275270543040 fxml_schedule_view.py:2921 Buffer layer /model.22/Sigmoid (202)
2026-04-16 13:47:37,416     INFO [client_id=n/a] 125275270543040 fxml_schedule_view.py:2921 Buffer layer /model.22/Sigmoid (202)
2026-04-16 13:47:37,416     INFO [client_id=n/a] 125275270543040 fxml_schedule_view.py:2921 Buffer layer /model.22/Sigmoid (202)
2026-04-16 13:47:37,417     INFO [client_id=n/a] 125275270543040 fxml_schedule_view.py:2921 Buffer layer /model.22/Sigmoid (202)
2026-04-16 13:47:37,417     INFO [client_id=n/a] 125275270543040 fxml_schedule_view.py:2921 Buffer layer /model.22/Sigmoid (202)
2026-04-16 13:47:37,417     INFO [client_id=n/a] 125275270543040 fxml_schedule_view.py:2921 Buffer layer /model.22/Sigmoid (202)
2026-04-16 13:47:37,418     INFO [client_id=n/a] 125275270543040 fxml_schedule_view.py:2921 Buffer layer /model.22/Sigmoid (202)
2026-04-16 13:47:37,418     INFO [client_id=n/a] 125275270543040 fxml_schedule_view.py:2921 Buffer layer /model.22/Sigmoid (202)
2026-04-16 13:47:37,419     INFO [client_id=n/a] 125275270543040 fxml_schedule_view.py:2921 Buffer layer /model.22/Sigmoid (202)
2026-04-16 13:47:37,419     INFO [client_id=n/a] 125275270543040 fxml_schedule_view.py:2921 Buffer layer /model.22/Sigmoid (202)
2026-04-16 13:47:37,420     INFO [client_id=n/a] 125275270543040 fxml_schedule_view.py:2921 Buffer layer /model.22/Sigmoid (202)
2026-04-16 13:47:37,420     INFO [client_id=n/a] 125275270543040 fxml_schedule_view.py:2921 Buffer layer /model.22/Sigmoid (202)
2026-04-16 13:47:37,421     INFO [client_id=n/a] 125275270543040 fxml_schedule_view.py:2921 Buffer layer /model.22/Sigmoid (202)
2026-04-16 13:47:37,421     INFO [client_id=n/a] 125275270543040 fxml_schedule_view.py:2921 Buffer layer /model.22/Sigmoid (202)
2026-04-16 13:47:37,421     INFO [client_id=n/a] 125275270543040 fxml_schedule_view.py:2921 Buffer layer /model.22/Sigmoid (202)
2026-04-16 13:47:37,422     INFO [client_id=n/a] 125275270543040 fxml_schedule_view.py:2921 Buffer layer /model.22/Sigmoid (202)
2026-04-16 13:47:37,422     INFO [client_id=n/a] 125275270543040 fxml_schedule_view.py:2921 Buffer layer /model.22/Sigmoid (202)
2026-04-16 13:47:37,423     INFO [client_id=n/a] 125275270543040 fxml_schedule_view.py:2921 Buffer layer /model.22/Sigmoid (202)
2026-04-16 13:47:37,424     INFO [client_id=n/a] 125275270543040 fxml_schedule_view.py:2921 Buffer layer /model.22/Sigmoid (202)
2026-04-16 13:47:37,424     INFO [client_id=n/a] 125275270543040 fxml_schedule_view.py:2921 Buffer layer /model.22/Sigmoid (202)
2026-04-16 13:47:37,424     INFO [client_id=n/a] 125275270543040 fxml_schedule_view.py:2921 Buffer layer /model.22/Sigmoid (202)
2026-04-16 13:47:37,425     INFO [client_id=n/a] 125275270543040 fxml_schedule_view.py:2921 Buffer layer /model.22/Sigmoid (202)
2026-04-16 13:47:37,426     INFO [client_id=n/a] 125275270543040 fxml_schedule_view.py:2921 Buffer layer /model.22/Sigmoid (202)
2026-04-16 13:47:37,426     INFO [client_id=n/a] 125275270543040 fxml_schedule_view.py:2921 Buffer layer /model.22/Sigmoid (202)
2026-04-16 13:47:37,426     INFO [client_id=n/a] 125275270543040 fxml_schedule_view.py:2921 Buffer layer /model.22/Sigmoid (202)
2026-04-16 13:47:37,427     INFO [client_id=n/a] 125275270543040 fxml_schedule_view.py:2921 Buffer layer /model.22/Sigmoid (202)
2026-04-16 13:47:37,428     INFO [client_id=n/a] 125275270543040 fxml_schedule_view.py:2921 Buffer layer /model.22/Sigmoid (202)
2026-04-16 13:47:37,428     INFO [client_id=n/a] 125275270543040 fxml_schedule_view.py:2921 Buffer layer /model.22/Sigmoid (202)
2026-04-16 13:47:37,429     INFO [client_id=n/a] 125275270543040 fxml_schedule_view.py:2921 Buffer layer /model.22/Sigmoid (202)
2026-04-16 13:47:37,429     INFO [client_id=n/a] 125275270543040 fxml_schedule_view.py:2921 Buffer layer /model.22/Sigmoid (202)
2026-04-16 13:47:37,430     INFO [client_id=n/a] 125275270543040 fxml_schedule_view.py:2921 Buffer layer /model.22/Sigmoid (202)
2026-04-16 13:47:37,430     INFO [client_id=n/a] 125275270543040 fxml_schedule_view.py:2921 Buffer layer /model.22/Sigmoid (202)
2026-04-16 13:47:37,431     INFO [client_id=n/a] 125275270543040 fxml_schedule_view.py:2921 Buffer layer /model.22/Sigmoid (202)
2026-04-16 13:47:37,431     INFO [client_id=n/a] 125275270543040 fxml_schedule_view.py:2921 Buffer layer /model.22/Sigmoid (202)
2026-04-16 13:47:37,432     INFO [client_id=n/a] 125275270543040 fxml_schedule_view.py:2921 Buffer layer /model.22/Sigmoid (202)
2026-04-16 13:47:37,432     INFO [client_id=n/a] 125275270543040 fxml_schedule_view.py:2921 Buffer layer /model.22/Sigmoid (202)
2026-04-16 13:47:37,433     INFO [client_id=n/a] 125275270543040 fxml_schedule_view.py:2921 Buffer layer /model.22/Sigmoid (202)
2026-04-16 13:47:37,433     INFO [client_id=n/a] 125275270543040 fxml_schedule_view.py:2921 Buffer layer /model.22/Sigmoid (202)
2026-04-16 13:47:37,433     INFO [client_id=n/a] 125275270543040 fxml_schedule_view.py:2921 Buffer layer /model.22/Sigmoid (202)
2026-04-16 13:47:37,539     INFO [client_id=n/a] 125275270543040 fxml_schedule_view.py:2921 Buffer layer /model.22/Sigmoid (202)
2026-04-16 13:47:37,540     INFO [client_id=n/a] 125275270543040 fxml_schedule_view.py:2921 Buffer layer /model.22/Sigmoid (202)
2026-04-16 13:47:37,540     INFO [client_id=n/a] 125275270543040 fxml_schedule_view.py:2921 Buffer layer /model.22/Sigmoid (202)
2026-04-16 13:47:37,541     INFO [client_id=n/a] 125275270543040 fxml_schedule_view.py:2921 Buffer layer /model.22/Sigmoid (202)
2026-04-16 13:47:37,541     INFO [client_id=n/a] 125275270543040 fxml_schedule_view.py:2921 Buffer layer /model.22/Sigmoid (202)
2026-04-16 13:47:37,542     INFO [client_id=n/a] 125275270543040 fxml_schedule_view.py:2921 Buffer layer /model.22/Sigmoid (202)
2026-04-16 13:47:37,542     INFO [client_id=n/a] 125275270543040 fxml_schedule_view.py:2921 Buffer layer /model.22/Sigmoid (202)
2026-04-16 13:47:37,543     INFO [client_id=n/a] 125275270543040 fxml_schedule_view.py:2921 Buffer layer /model.22/Sigmoid (202)
2026-04-16 13:47:37,543     INFO [client_id=n/a] 125275270543040 fxml_schedule_view.py:2921 Buffer layer /model.22/Sigmoid (202)
2026-04-16 13:47:37,544     INFO [client_id=n/a] 125275270543040 fxml_schedule_view.py:2921 Buffer layer /model.22/Sigmoid (202)
2026-04-16 13:47:37,544     INFO [client_id=n/a] 125275270543040 fxml_schedule_view.py:2921 Buffer layer /model.22/Sigmoid (202)
2026-04-16 13:47:37,545     INFO [client_id=n/a] 125275270543040 fxml_schedule_view.py:2921 Buffer layer /model.22/Sigmoid (202)
2026-04-16 13:47:37,546     INFO [client_id=n/a] 125275270543040 fxml_schedule_view.py:2921 Buffer layer /model.22/Sigmoid (202)
2026-04-16 13:47:37,546     INFO [client_id=n/a] 125275270543040 fxml_schedule_view.py:2921 Buffer layer /model.22/Sigmoid (202)
2026-04-16 13:47:37,546     INFO [client_id=n/a] 125275270543040 fxml_schedule_view.py:2921 Buffer layer /model.22/Sigmoid (202)
2026-04-16 13:47:37,547     INFO [client_id=n/a] 125275270543040 fxml_schedule_view.py:2921 Buffer layer /model.22/Sigmoid (202)
2026-04-16 13:47:37,548     INFO [client_id=n/a] 125275270543040 fxml_schedule_view.py:2921 Buffer layer /model.22/Sigmoid (202)
2026-04-16 13:47:37,548     INFO [client_id=n/a] 125275270543040 fxml_schedule_view.py:2921 Buffer layer /model.22/Sigmoid (202)
2026-04-16 13:47:37,548     INFO [client_id=n/a] 125275270543040 fxml_schedule_view.py:2921 Buffer layer /model.22/Sigmoid (202)
2026-04-16 13:47:37,549     INFO [client_id=n/a] 125275270543040 fxml_schedule_view.py:2921 Buffer layer /model.22/Sigmoid (202)
2026-04-16 13:47:37,549     INFO [client_id=n/a] 125275270543040 fxml_schedule_view.py:2921 Buffer layer /model.22/Sigmoid (202)
2026-04-16 13:47:37,550     INFO [client_id=n/a] 125275270543040 fxml_schedule_view.py:2921 Buffer layer /model.22/Sigmoid (202)
2026-04-16 13:47:37,550     INFO [client_id=n/a] 125275270543040 fxml_schedule_view.py:2921 Buffer layer /model.22/Sigmoid (202)
2026-04-16 13:47:42,556     INFO [client_id=n/a] 125275270543040 server.py:35 AI Analyzer 1.7.0.dev20260130181427+g301504b8 serving on http://0.0.0.0:8000/dashboard?token=Ca6ycs78si4QVDNcHDDAZAcVo10qczDHNGfyjFUqts (Press CTRL+C to quit)
